-- phpMyAdmin SQL Dump
-- version 4.9.0.1
-- https://www.phpmyadmin.net/
--
-- Host: 127.0.0.1
-- Generation Time: Jan 03, 2020 at 05:20 AM
-- Server version: 10.4.6-MariaDB
-- PHP Version: 7.3.8

SET SQL_MODE = "NO_AUTO_VALUE_ON_ZERO";
SET AUTOCOMMIT = 0;
START TRANSACTION;
SET time_zone = "+00:00";


/*!40101 SET @OLD_CHARACTER_SET_CLIENT=@@CHARACTER_SET_CLIENT */;
/*!40101 SET @OLD_CHARACTER_SET_RESULTS=@@CHARACTER_SET_RESULTS */;
/*!40101 SET @OLD_COLLATION_CONNECTION=@@COLLATION_CONNECTION */;
/*!40101 SET NAMES utf8mb4 */;

--
-- Database: `housing`
--

-- --------------------------------------------------------

--
-- Table structure for table `commission_wallet`
--

CREATE TABLE `commission_wallet` (
  `id` bigint(20) UNSIGNED NOT NULL,
  `amount` decimal(13,2) DEFAULT NULL,
  `member_id` int(11) DEFAULT NULL
) ENGINE=InnoDB DEFAULT CHARSET=latin1;

--
-- Dumping data for table `commission_wallet`
--

INSERT INTO `commission_wallet` (`id`, `amount`, `member_id`) VALUES
(1, '500000.00', 240),
(2, NULL, 601);

-- --------------------------------------------------------

--
-- Table structure for table `house`
--

CREATE TABLE `house` (
  `id` bigint(20) UNSIGNED NOT NULL,
  `lot` int(11) DEFAULT NULL,
  `block` int(11) DEFAULT NULL,
  `house_model_id` int(11) DEFAULT NULL
) ENGINE=InnoDB DEFAULT CHARSET=latin1;

--
-- Dumping data for table `house`
--

INSERT INTO `house` (`id`, `lot`, `block`, `house_model_id`) VALUES
(1, 1, 1, 1),
(2, 2, 1, 2),
(3, 1, 7, 3),
(4, 2, 7, 4);

-- --------------------------------------------------------

--
-- Table structure for table `house_img`
--

CREATE TABLE `house_img` (
  `id` bigint(20) UNSIGNED NOT NULL,
  `house_id` int(11) DEFAULT NULL,
  `img_path` varchar(255) DEFAULT NULL
) ENGINE=InnoDB DEFAULT CHARSET=latin1;

--
-- Dumping data for table `house_img`
--

INSERT INTO `house_img` (`id`, `house_id`, `img_path`) VALUES
(1, 1, 'theme/v4/assets/img/house_img/asd1.jpg'),
(2, 1, 'theme/v4/assets/img/house_img/qwe1.jpg'),
(3, 1, 'theme/v4/assets/img/house_img/zxc1.jpg'),
(4, 2, 'theme/v4/assets/img/house_img/asd2.jpg'),
(5, 2, 'theme/v4/assets/img/house_img/qwe2.jpg'),
(6, 2, 'theme/v4/assets/img/house_img/zxc2.jpg'),
(7, 3, 'theme/v4/assets/img/house_img/asd3.jpg'),
(8, 3, 'theme/v4/assets/img/house_img/qwe3.jpg'),
(9, 3, 'theme/v4/assets/img/house_img/zxc3.jpg');

-- --------------------------------------------------------

--
-- Table structure for table `house_model`
--

CREATE TABLE `house_model` (
  `house_model_id` bigint(20) UNSIGNED NOT NULL,
  `model_name` text DEFAULT NULL,
  `terms` varchar(255) DEFAULT NULL,
  `subdivision_id` int(11) DEFAULT NULL,
  `house_desc` text DEFAULT NULL
) ENGINE=InnoDB DEFAULT CHARSET=latin1;

--
-- Dumping data for table `house_model`
--

INSERT INTO `house_model` (`house_model_id`, `model_name`, `terms`, `subdivision_id`, `house_desc`) VALUES
(1, 'House Model 1', '1', 1, '150 Square meters'),
(2, 'House Model 2', '2', 1, '120 Square Meters'),
(3, 'High End House Model 1', '4', 1, '150 Square Meters'),
(4, 'High End House Model 2', '5', 1, '120 Square Meters');

-- --------------------------------------------------------

--
-- Table structure for table `housing_detail`
--

CREATE TABLE `housing_detail` (
  `id` bigint(20) UNSIGNED NOT NULL,
  `house_name` text DEFAULT NULL,
  `member_id` int(11) DEFAULT NULL,
  `terms_id` int(11) DEFAULT NULL,
  `house_id` int(11) DEFAULT NULL,
  `lot` int(11) DEFAULT NULL,
  `block` int(11) DEFAULT NULL,
  `rate` decimal(13,2) DEFAULT NULL
) ENGINE=InnoDB DEFAULT CHARSET=latin1;

--
-- Dumping data for table `housing_detail`
--

INSERT INTO `housing_detail` (`id`, `house_name`, `member_id`, `terms_id`, `house_id`, `lot`, `block`, `rate`) VALUES
(5, 'Secreeeet', 240, 1, 1, 1, 1, NULL),
(13, 'qweqweq', 240, 1, 1, NULL, NULL, '1.00'),
(14, 'qweqwe', 240, 2, 2, 3, 3, '1.00'),
(15, 'qweqwe', 240, 1, 1, 1, 2, '1.50');

-- --------------------------------------------------------

--
-- Table structure for table `h_points`
--

CREATE TABLE `h_points` (
  `id` bigint(20) UNSIGNED NOT NULL,
  `points` decimal(13,2) DEFAULT NULL,
  `member_id` int(11) DEFAULT NULL
) ENGINE=InnoDB DEFAULT CHARSET=latin1;

--
-- Dumping data for table `h_points`
--

INSERT INTO `h_points` (`id`, `points`, `member_id`) VALUES
(1, '63700.00', 240),
(2, '1500.00', 599),
(3, NULL, 600),
(4, NULL, 601);

-- --------------------------------------------------------

--
-- Table structure for table `h_points_transfer_log`
--

CREATE TABLE `h_points_transfer_log` (
  `id` bigint(20) UNSIGNED NOT NULL,
  `member_id_to` int(11) DEFAULT NULL,
  `member_id_from` int(11) DEFAULT NULL,
  `amount` decimal(13,2) DEFAULT NULL,
  `date` datetime DEFAULT NULL
) ENGINE=InnoDB DEFAULT CHARSET=latin1;

--
-- Dumping data for table `h_points_transfer_log`
--

INSERT INTO `h_points_transfer_log` (`id`, `member_id_to`, `member_id_from`, `amount`, `date`) VALUES
(1, 599, 240, '500.00', '2019-11-14 13:32:09'),
(2, 1, 240, '5000.00', '2019-11-25 14:55:46');

-- --------------------------------------------------------

--
-- Table structure for table `member`
--

CREATE TABLE `member` (
  `member_id` int(20) NOT NULL,
  `member_username` varchar(100) NOT NULL,
  `member_pw` varchar(150) NOT NULL,
  `member_fname` varchar(50) NOT NULL,
  `member_lname` varchar(50) NOT NULL,
  `member_email` varchar(100) NOT NULL,
  `referral_code` varchar(50) NOT NULL,
  `member_bdate` date NOT NULL,
  `member_regdate` datetime DEFAULT NULL,
  `member_ip` varchar(100) NOT NULL,
  `member_status` varchar(20) NOT NULL DEFAULT 'inactive',
  `member_level` varchar(20) NOT NULL,
  `member_contactnum` varchar(20) NOT NULL,
  `member_truemoney` varchar(100) DEFAULT NULL,
  `member_location` varchar(200) NOT NULL,
  `member_reg` varchar(50) NOT NULL,
  `ohid` varchar(10) NOT NULL,
  `ohpw` varchar(100) NOT NULL,
  `redeem_outlet_access` int(1) NOT NULL DEFAULT 0,
  `set_position` int(11) DEFAULT 0
) ENGINE=MyISAM DEFAULT CHARSET=latin1;

--
-- Dumping data for table `member`
--

INSERT INTO `member` (`member_id`, `member_username`, `member_pw`, `member_fname`, `member_lname`, `member_email`, `referral_code`, `member_bdate`, `member_regdate`, `member_ip`, `member_status`, `member_level`, `member_contactnum`, `member_truemoney`, `member_location`, `member_reg`, `ohid`, `ohpw`, `redeem_outlet_access`, `set_position`) VALUES
(1, 'oneheart', 'e10adc3949ba59abbe56e057f20f883e', 'Mother', 'Corp', 'admin@oneheartwd.biz', 'oneheart', '2019-02-28', '2019-06-08 12:16:32', '', 'active', 'admin', '1234112', '00000', 'gensan', '', 'OH1', 'e10adc3949ba59abbe56e057f20f883e', 0, 3),
(178, 'Nenengv', '1ba584fc7056b690d48fde7ce1a70f3c', 'Nolita', 'Valera', 'valeranolita@gmail.com', 'kO1gZS1l1vpqSUc', '1953-03-16', NULL, '49.148.205.245', 'active', 'user', '09231541972', NULL, '', 'July 19, 2019 03:08:03 PM', 'OH770', 'e10adc3949ba59abbe56e057f20f883e', 0, 2),
(177, 'Joroque', 'bab546e5d1da08337f3b9e4ae45655c6', 'Jose', 'Roque', 'jose.roque@yahoo.com', '0TeC4uvSdcufk2r', '1955-05-28', NULL, '49.148.205.245', 'active', 'user', '09178639516', '', '', 'July 19, 2019 02:56:48 PM', '38', '61e1ab0c4bdba4ac1bd975bcc5a22053', 0, 0),
(176, 'kimiisah', 'cdcae0de1ccc2ea6a40165190f915923', 'Kimi Isah', 'Avelino', 'kimisolis99@gmail.com', 'zIA9JUVuXII2rUb', '1995-07-30', NULL, '49.148.205.245', 'inactive', 'user', '09108157397', NULL, '', 'July 19, 2019 01:20:56 PM', 'OH597', 'cdcae0de1ccc2ea6a40165190f915923', 0, 2),
(175, 'Goldheart', 'e10adc3949ba59abbe56e057f20f883e', 'celerino', 'nocos jr', 'jhunrue13@gmail.com', '2xeVaYdwgH7gTvN', '1972-02-13', NULL, '110.54.133.55', 'inactive', 'user', '09231436950', NULL, '', 'July 19, 2019 09:05:12 AM', 'OH22', '61bd60c60d9fb60cc8fc7767669d40a1', 0, 2),
(174, 'jorossmorano', 'b2bd067b4dc04f39aa0c8e9969a7b70b', 'Josue', 'Ouano', 'josueo510@yahoo.com', 'CpJj7vilobKg0ZO', '1969-05-10', NULL, '49.151.177.249', 'active', 'user', '09085720561', NULL, '', 'July 18, 2019 11:45:52 PM', 'OH27', '17c52ac5be4f5ca48a1beb3a4243f4fe', 0, 2),
(173, 'Sylvia', 'e10adc3949ba59abbe56e057f20f883e', 'Sylvia', 'Octura', 'octurataurus57@gmail.com', '7KeooXx4GrVyH7w', '1957-04-21', NULL, '49.151.146.165', 'active', 'user', '09203043723', NULL, '', 'July 18, 2019 11:14:07 PM', '808', '3fcf0c299b3c2190f8a330682f79dca6', 0, 0),
(172, 'czarina', '41d81cd45ccadf1e9acd324ce8bff55a', 'Czarina', 'Bayena', 'czczczarina22@gmail.com', 'yQwbsIYRserMHY3', '1994-02-22', NULL, '49.149.226.113', 'active', 'user', '09107098349', NULL, '', 'July 18, 2019 01:29:13 PM', 'OH6', 'b295ab91a74ae7048c0ba523c03511e3', 0, 2),
(171, 'Ruben1105', '159f78735547c195fceb889dd6d916c4', 'Ruben', 'Herda', 'rubenherda1105@yahoo.com', 'KZB87GbSroy7jB2', '1964-11-05', NULL, '110.54.214.63', 'active', 'user', '09105671101', NULL, '', 'July 18, 2019 01:02:15 PM', 'OH838', '159f78735547c195fceb889dd6d916c4', 0, 0),
(179, 'wellabeh', '5e29136b54357fca4d5142cd95cd315e', 'Wellyn', 'Bernante', 'wellabeh@yahoo.com', 'V5E3AXWFvaFwgay', '1980-02-25', NULL, '49.148.205.245', 'active', 'user', '09338799865', NULL, '', 'July 19, 2019 08:08:45 PM', 'OH16', '5e29136b54357fca4d5142cd95cd315e', 0, 3),
(180, 'Toplady', 'e10adc3949ba59abbe56e057f20f883e', 'Ruth', 'Paqueo', 'ruthpaqueo@gmail.com', 'UhPD9y6l0k20PQr', '1958-06-13', NULL, '180.191.127.42', 'active', 'user', '09483267469', NULL, '', 'July 20, 2019 08:09:44 AM', '654', '55a4ef93f0c24c261170e0c19f2ed5b4', 0, 2),
(181, 'BigHeartCitadel', 'ab1da9a881f9f977a19656679be9c25b', 'Citadel', 'Allosada', 'citadel.allosada@gmail.com', 'RUOka2lQuJ811vA', '1981-04-20', NULL, '49.149.22.228', 'active', 'user', '09466985269', NULL, '', 'July 20, 2019 09:18:18 AM', 'OH53', 'e4921ed32f4b09239416a6d6ce0e99d8', 0, 0),
(182, 'pogsnet', 'd104e231858b1414eed32955dbca2ea7', 'Dimar', 'Manigao', 'pogsnet@gmail.com', 'no-referral1', '0000-00-00', NULL, '', 'active', 'admin', '+639303916416', '', '', '', 'OH7', 'd104e231858b1414eed32955dbca2ea7', 0, 0),
(183, 'johnhenrydj', '068dcc40ca4a8010b1727320f5e9f040', 'Henrietto', 'Joromat', 'edit_this@email.com', 'no-referral2', '0000-00-00', NULL, '', 'inactive', 'admin', '', NULL, '', '', 'OH1034', '068dcc40ca4a8010b1727320f5e9f040', 0, 0),
(184, 'Herdzrai', 'e4921ed32f4b09239416a6d6ce0e99d8', 'Rolan', 'Herda', 'edit3@email.com', 'no-referral4', '0000-00-00', NULL, '', 'active', 'user', '', NULL, '', '', 'OH67', '4e7c1d674fa51124c45b482de628a4f2', 0, 0),
(185, 'pidsoctura', 'e10adc3949ba59abbe56e057f20f883e', 'Elpidio', 'Octura', 'edit2@email.com', 'no-referral3', '0000-00-00', NULL, '', 'active', '', '', NULL, '', '', 'OH23', '9b94cd40952b37f0e970d6e75607d365', 0, 0),
(186, 'ngititz', '0dad26acd8fbd69bc131ef65e17e6616', 'satar', 'ngilay', 'Ngititz59@gmail.com', 'no-referral5', '0000-00-00', NULL, '', 'active', '', '09355798394', '', '', '', 'OH43', '12fd3012477aaeba2952946a9fae918b', 0, 2),
(187, 'Topcoin', '55a4ef93f0c24c261170e0c19f2ed5b4', 'Kenny', 'Lungay', 'edit6@email.com', 'no-referral6', '0000-00-00', NULL, '', 'active', '', '', NULL, '', '', '17', '55a4ef93f0c24c261170e0c19f2ed5b4', 0, 0),
(188, 'vivenj', 'e10adc3949ba59abbe56e057f20f883e', 'Vivencio Jr.', 'Soguilon', 'vivenj929@yahoo.com', 'no-referral7', '1956-09-29', NULL, '', 'active', '', '09228110929', '09228110929', '', '', 'Oh514', 'e4921ed32f4b09239416a6d6ce0e99d8', 0, 0),
(189, 'Gab912', 'c608f064909898bb63f7fc24a0502bad', 'Richard', 'Oseo', 'edit8@email.com', 'no-referral8', '0000-00-00', NULL, '', 'inactive', '', '', NULL, '', '', 'Oh14', 'c608f064909898bb63f7fc24a0502bad', 0, 0),
(190, 'garymilo', 'cc1b42a36a136525616a70bb6cfbfa4e', 'Camilo', 'Garay', 'edit9@email.com', 'no-referral9', '0000-00-00', NULL, '', 'active', '', '', NULL, '', '', '', '', 0, 0),
(191, 'ophir', 'df601c5922a795a0095b06897a460308', 'Peter Elson', 'Torralba', 'peterelson@gmail.com', '1HP1CXa9rzqj6qD', '1966-01-28', NULL, '49.148.210.89', 'active', 'user', '09106034188', NULL, '', 'July 20, 2019 12:57:40 PM', 'OH89', 'df601c5922a795a0095b06897a460308', 0, 2),
(192, 'archany', 'a72aae0e80c21c5d4356eac887ce4602', 'Nemia', 'Torralba', 'nemia1925@gmail.com', '0ULh2OkJymQe33z', '1972-11-12', NULL, '49.148.210.89', 'active', 'user', '09058662404', NULL, '', 'July 20, 2019 01:17:35 PM', 'OH90', 'a72aae0e80c21c5d4356eac887ce4602', 0, 3),
(193, 'reed', '67c85859d5800ad1eca44278e2ae7378', 'Arfelo Reed', 'Torralba', 'arfeloreedtorralba@gmail.com', 'rAJyRzlqrbZyAAw', '1994-06-17', NULL, '49.149.102.219', 'active', 'user', '09502642994', NULL, '', 'July 20, 2019 03:19:37 PM', 'OH91', '67c85859d5800ad1eca44278e2ae7378', 0, 3),
(194, 'diamondoc', 'e2812a89db8ff56059a173ff5e6207a9', 'Susana', 'del Socorro', 'delsorrosusana@gmail.com', 'rH3KAFHP78nt17u', '1963-05-16', NULL, '49.149.102.219', 'active', 'user', '09178424981', NULL, '', 'July 20, 2019 03:33:26 PM', 'OH92', '4996e2b63e960bf369090304d44d0b69', 0, 3),
(195, 'bernard', 'ba4bb13d779c8fd8d15f4c31065384bd', 'Bernard', 'Go', 'gbernard.go@gmail.com', 'pF3bpNSJqH99KV6', '1953-08-20', NULL, '49.149.102.219', 'active', 'user', '09228424981', NULL, '', 'July 20, 2019 03:42:16 PM', '', '', 0, 3),
(196, 'nelrnold1h', '295e39dd1ca2db7df6bd296eda409442', 'Neil Arnold', 'Docallos', 'nelrnold@gmail.com', 'EZK5hPQPJyMr3Nh', '1980-09-21', NULL, '122.54.18.134', 'active', 'user', '09079064954', NULL, '', 'July 20, 2019 03:52:00 PM', 'OH362', '295e39dd1ca2db7df6bd296eda409442', 0, 3),
(197, 'Shinningstar', '43cf8250589f5087c1af1241c84c3daa', 'Victoria', 'Estacio', 'starvictory54@gmail.com', 'yg1w3GY0hGqkMuj', '1954-07-28', NULL, '210.213.166.8', 'active', 'user', '639958746760', '6277 1186 1206 1732', '', 'July 20, 2019 04:05:02 PM', '0H96', '9881542d381253c808a4059d13e72bf2', 0, 3),
(198, 'marielle1h', '2b77b1550cceb1ea659f3fd7dbe1bb3e', 'Marielle', 'Laguardia', 'laguardiamarielle101@gmail.com', '3GrINdRSGomMNyz', '1997-07-10', NULL, '122.54.18.134', 'active', 'user', '09308197522', NULL, '', 'July 20, 2019 05:25:38 PM', 'OH663', '2b77b1550cceb1ea659f3fd7dbe1bb3e', 0, 0),
(199, 'belle63', 'f625ab512d07ae62f757a7424cc8a262', 'Annabelle', 'Eberhard', 'annabelle_faith@yahoo.ca', 'RTGvaNez1A0orhN', '1963-12-12', NULL, '210.213.166.8', 'active', 'user', '639434009733', '', '', 'July 20, 2019 05:57:39 PM', 'OH 670', 'ea28cd5e500ce5809786ff134419b003', 0, 3),
(200, 'Kinghenry', '8a1148a74ba479fcaca5e34f5de73d45', 'Henry', 'Hade', 'henrydaza032775@gmail.com', 'JHspyXStFcKYEWW', '1975-03-27', NULL, '210.213.166.8', 'active', 'user', '09979768763', '6277 1186 1206 1690', '', 'July 20, 2019 07:55:45 PM', 'OH363', 'e10adc3949ba59abbe56e057f20f883e', 0, 0),
(201, 'Richard Oseo', 'c608f064909898bb63f7fc24a0502bad', 'Richard', 'Oseo', 'richard.oseo@gmail.com', 'G7JPM47P46KvVQ9', '1973-06-04', NULL, '175.176.64.108', 'inactive', 'user', '09399313328', NULL, '', 'July 20, 2019 08:12:21 PM', '', '', 0, 0),
(202, 'marvinn', 'e10adc3949ba59abbe56e057f20f883e', 'marvin', 'nalam', 'marvinnalam05@gmail.com', 'cdVgnPV6BngQlD8', '1968-12-05', NULL, '210.213.166.8', 'active', 'user', '09557904198', NULL, '', 'July 20, 2019 08:14:39 PM', '', '', 0, 0),
(203, '1rexp', 'fe97e13cef4fa3381b5e38311e317289', 'Rex', 'Pajarillaga', 'rexpajarillaga@yahoo.com', 'GXIWZPnkhnhLgV6', '1972-06-22', NULL, '110.54.248.135', 'active', 'user', '09078118125', '', '', 'July 20, 2019 08:47:47 PM', 'OH421', 'fe97e13cef4fa3381b5e38311e317289', 0, 2),
(458, 'Ann777', '1aee63ae9e1878a334c19af496a68994', 'Ann Marie', 'Su', 'annmariesu@ymail.com', 'DmtwRy5rIO67NMb', '1969-11-27', NULL, '110.54.208.167', 'inactive', 'user', '09420707542', '', '', 'August 23, 2019 03:16:55 PM', 'OH731', 'ef6e354bbf240c58edda4052622a8218', 0, 0),
(205, 'Miaodias ', 'dd55daa3c78978a7aa29a51281a68d3b', 'Anna marie', 'Odias', 'miaodias@gmail.com', 'r1ZoHmhzKA4iFIi', '1976-05-04', NULL, '110.54.240.197', 'active', 'user', '9369445316', NULL, '', 'July 20, 2019 08:53:19 PM', 'OH497', 'dd55daa3c78978a7aa29a51281a68d3b', 0, 2),
(206, 'Martyrs13', '34319aca8c0bfecdec256be51c339d85', 'Rodel', 'Passion', 'l.amicoinc2017@gmail.com', 'Dut8x8N2siCkKrN', '1974-07-18', NULL, '210.213.166.8', 'inactive', 'user', '639754017699', '', '', 'July 20, 2019 09:25:09 PM', 'OH705', 'e75ddb9f487cd7ea2bc842bc7171fa36', 0, 0),
(207, 'madel2010', 'd264e3215b5bb20ade8bd3bcc84c7ffb', 'Angelina', 'Pajarillaga', 'angelinapajarillaga@yahoo.com', 'PgOuBM9izzfbM8x', '1977-03-18', NULL, '175.158.202.63', 'active', 'user', '09214708735', '', '', 'July 20, 2019 09:54:40 PM', 'OH496', '31d42045b92059067b3aa87116a6f706', 0, 0),
(208, 'JessAcoba79 ', '8a39ee82deb94939acdd244ea0922487', 'Jess Lawrence ', 'Acoba', 'jldaptrprn@gmail.com', 'DHr9snAQmDTjCrA', '1979-09-01', NULL, '120.29.75.86', 'active', 'user', '09338274784 ', '09651277437 ', '', 'July 20, 2019 10:56:59 PM', 'OH669', '8a39ee82deb94939acdd244ea0922487', 0, 3),
(209, 'bhongadil', '6478d3cf49326303a8fa19a275397174', 'Mojibor ', 'Adil', 'abuareejz@gmail.com', 'KaYHdDGsbpumek1', '1976-12-18', NULL, '49.146.32.130', 'active', 'user', '09499305525', NULL, '', 'July 21, 2019 07:50:29 AM', 'OH44', '6478d3cf49326303a8fa19a275397174', 0, 2),
(210, 'caymo123', '652a6379cf9246326b585a6ca710a32e', 'Virginia', 'Romen', 'vienmarom14@gmail.com', 'FnjobpdEDg4GexK', '1960-05-14', NULL, '210.213.166.8', 'inactive', 'user', '09456094661', '', '', 'July 21, 2019 10:36:36 AM', 'OH530', 'e4921ed32f4b09239416a6d6ce0e99d8', 0, 0),
(211, 'willmoore', 'b5a54b0bb67a867b72cb3851c234146d', 'Wilmer', 'Morales', 'wm2494230@gmail.com', 'DbgNkYm3RWGPuru', '1979-12-28', NULL, '110.54.235.250', 'active', 'user', '09267963043', NULL, '', 'July 21, 2019 10:40:44 AM', 'OH592', 'b5a54b0bb67a867b72cb3851c234146d', 0, 3),
(212, 'cisrael22', 'e1708115e83947d01f94e34e7a38ff0e', 'Cadiz', 'Israel ', 'cisrael22@yahoo.com', 'vMZRKkTkItOjeU1', '1984-11-22', NULL, '110.54.231.161', 'inactive', 'user', '09171220719', NULL, '', 'July 21, 2019 02:58:50 PM', '', '', 0, 0),
(213, 'Josman415', '2dfc8ead8298472a40b9cebdb2eca256', 'Josephine', 'Manapsal', 'josephine.manapsal@yahoo.com', 'MikGLS50ghY5Ios', '1974-02-27', NULL, '110.54.246.83', 'inactive', 'user', '09338161548', NULL, '', 'July 21, 2019 06:06:28 PM', '', '', 0, 0),
(214, 'Teresitap', 'e4921ed32f4b09239416a6d6ce0e99d8', 'Teresita', 'Paez', 'terepaz53@yahoo.com', 'wEtYX0BjEB323Rt', '1953-12-13', NULL, '110.54.246.83', 'active', 'user', '09176390604', NULL, '', 'July 21, 2019 06:27:12 PM', 'OH677', '62cb0e35dbc4c2c1a41e703a63928eae', 0, 0),
(215, 'melindag', '4cc9f91069666deaa110b6b252cc9dd5', 'Melinda', 'Glorioso', 'gloriosomhel@gmail.com', 'yZBh2jpZfrNdIcy', '1968-12-20', NULL, '210.213.166.8', 'active', 'user', '09264944745', '', '', 'July 21, 2019 07:47:18 PM', 'OH365', 'e10adc3949ba59abbe56e057f20f883e', 0, 0),
(216, 'shalenie', '68b5ad89297df7f2cdc9b8aabcff6452', 'Lawrence Eric ', 'Teves', 'info@leconstruct.com', '8gDgweDOSVL27Y9', '1985-01-11', NULL, '49.149.37.245', 'inactive', 'user', '09778392338', '6277118612061674', '', 'July 22, 2019 08:09:21 AM', 'OH0687', '68b5ad89297df7f2cdc9b8aabcff6452', 0, 3),
(217, 'pia123', 'e4921ed32f4b09239416a6d6ce0e99d8', 'Piyaksah', 'Alih', 'piaalih@yahoo.com', 'd95s2s4i7FgxLZw', '1979-05-03', NULL, '49.148.193.254', 'active', 'user', '09564472798', NULL, '', 'July 22, 2019 09:44:54 AM', 'OH751', 'e4921ed32f4b09239416a6d6ce0e99d8', 0, 0),
(218, 'xaylmer', 'a315db2eab5b4e6348328ecc6d80993d', 'Angelie', 'morales', 'xaylhiemorrs@gmail.com', 'YKift8xmTZgPr0K', '1980-08-02', NULL, '110.54.144.23', 'active', 'user', '08481006610', NULL, '', 'July 22, 2019 09:46:24 AM', 'OH601', 'a315db2eab5b4e6348328ecc6d80993d', 0, 0),
(219, 'BernAntonio', '838fef23e76bf6a0ff3efae844524f47', 'Bernadeth', 'Antonio', 'antonio_bernadeth@yahoo.com', 'i7SZ47fEI5d5hkE', '1973-10-16', NULL, '120.17.132.110', 'inactive', 'user', '0405054666', '6277118612066343', '', 'July 22, 2019 09:58:32 AM', 'OH369', '838fef23e76bf6a0ff3efae844524f47', 0, 0),
(220, 'Loverboy007', '81dc9bdb52d04dc20036dbd8313ed055', 'Orland Dave', 'Narciso', 'orlanddave007@gmail.com', 'xShH2EFpo9gQBZN', '1986-10-21', NULL, '110.54.143.210', 'active', 'user', '09122566262', NULL, '', 'July 22, 2019 10:07:33 AM', '', '', 0, 3),
(221, 'eden', 'e282e79102cfe5a21157b6910e1bf013', 'eden', 'chiong', 'ceden@ymail.com', 'oqzziViVTbYIzTt', '1960-01-24', NULL, '180.190.58.9', 'active', 'user', '9232808546', '', '', 'July 22, 2019 10:52:46 AM', 'OH201', 'e282e79102cfe5a21157b6910e1bf013', 0, 2),
(222, 'joinandu', 'd1c1c3d53e73d500da2f72c2a0929d96', 'Jhoselie', 'Nandu', 'joinandu@yahoo.com', 'gmjhNoKmxgr1QBK', '1979-01-16', NULL, '175.158.233.16', 'inactive', 'user', '09183145790', '6277118612061641', '', 'July 22, 2019 12:20:07 PM', 'OH703', 'd1c1c3d53e73d500da2f72c2a0929d96', 0, 0),
(223, 'joenandu', 'fa94e8b79e9ffe841a5abe3b05c57028', 'Joseph', 'Nandu', 'josephnandu@yahoo.com', 'cM1aOeudv5wJALf', '1952-01-23', NULL, '175.158.233.16', 'active', 'user', '09399290921', '6277118612082860', '', 'July 22, 2019 12:41:07 PM', 'OH734', 'fa94e8b79e9ffe841a5abe3b05c57028', 0, 0),
(224, 'nellnandu', '62ade9a539b73d89b9779132a5bc725f', 'Nellie', 'Nandu', 'joijoinandu@gmail.com', 'VkAb4gWu3LFivS9', '1954-10-12', NULL, '175.158.233.16', 'active', 'user', '09175101239', '6277118612082878', '', 'July 22, 2019 12:44:51 PM', 'OH735', '62ade9a539b73d89b9779132a5bc725f', 0, 0),
(225, 'Marcus', '9891a8655443cc862f582c832db6a89c', 'Crislee mark', 'Aquino', 'Marcuzjabez@gmail.com', 'n3kdq47qruUO8bx', '1990-07-22', NULL, '49.149.239.160', 'inactive', 'user', '09125433728', NULL, '', 'July 22, 2019 12:50:48 PM', 'OH125', '9891a8655443cc862f582c832db6a89c', 0, 3),
(226, 'bobbyj', 'ee0c86085244fa87871af14eaea70642', 'Robert', 'Joromat', 'robertjoromat@yahoo.com', 'd6s0ddjW7ybIMiV', '1968-06-07', NULL, '110.54.137.202', 'active', 'user', '09985422420', NULL, '', 'July 22, 2019 12:52:19 PM', 'OH628', 'ee0c86085244fa87871af14eaea70642', 0, 0),
(227, 'Noyni01', 'e10adc3949ba59abbe56e057f20f883e', 'Ninoy', 'Aquino', 'ninoy@gmail.com', 'BeasVEKgrZ4I9uG', '1988-07-22', NULL, '49.149.239.160', 'active', 'user', '12345678901', NULL, '', 'July 22, 2019 01:00:09 PM', 'OH133', 'e10adc3949ba59abbe56e057f20f883e', 0, 3),
(229, 'cuty', 'd9ea6614000b7a82a80c468574bf0c65', 'Cutie Mae', 'Cabalo', 'cmcabalo@gmail.com', 'rjbDHwDuNe2bI2V', '1987-05-01', NULL, '110.54.223.213', 'active', 'user', '09167171494', '09167171494', '', 'July 22, 2019 01:51:56 PM', 'OH810', 'd9ea6614000b7a82a80c468574bf0c65', 0, 3),
(230, 'Evelynmicutuan', '6c31869714f33fd6946f4061bff94a41', 'Mary Evelyn', 'Micutuan', 'memicutuan@yahoo.ca', 'odSdymosvTMi672', '1971-11-16', NULL, '110.54.138.36', 'active', 'user', '09776895323', '5496 2700 4076 3566', '', 'July 22, 2019 01:54:28 PM', 'OH71', 'f831e13cf32a28700eec16be13cdec46', 0, 3),
(464, 'titomalinao', 'fff321452565e0610728172d11a095f1', 'Tito', 'Malinao', 'tmalinao@gmail.com', '25YlALaL58jUmR5', '1971-02-06', NULL, '110.54.231.209', 'active', 'user', '09999943913', NULL, '', 'August 26, 2019 08:20:34 AM', 'OH1167', 'fff321452565e0610728172d11a095f1', 0, 0),
(232, 'Daniel01', '184bc60ea76e1131ac89acb155b10f97', 'Daniel', 'Ty', 'tydaniel88@gmail.com', 'MINR71VlhGw9gKA', '1964-07-22', NULL, '49.149.239.160', 'active', 'user', '09488794988', NULL, '', 'July 22, 2019 04:35:33 PM', '775', '184bc60ea76e1131ac89acb155b10f97', 0, 0),
(233, 'Ness', '1f5226a76b763b727d3301d026cefacd', 'Neysan', 'Ngilay', 'neys67@gmail.com', 'JydGdKxiGpHVJ1c', '1967-06-13', NULL, '49.149.239.55', 'active', 'user', '09329854268', NULL, '', 'July 22, 2019 04:37:14 PM', 'Oh222', 'ac575e3eecf0fa410518c2d3a2e7209f', 0, 0),
(234, 'medelitomorabe', '9903824154c970aa5e5596b4dd3e229d', 'MEDELITO', 'MORABE', 'med.mor70@gmail.com', '93oPGaXA0zpOGjZ', '1970-05-15', NULL, '110.54.232.131', 'active', 'user', '09387607208', '6277 1186 1208 2662', '', 'July 22, 2019 04:42:21 PM', 'OH743', 'e10adc3949ba59abbe56e057f20f883e', 0, 2),
(235, 'manilyndumail', 'a5e6f1d4956a0b89edce778bb62a2075', 'manilyn', 'dumail', 'dumailmanilyn1989@gmail.com', 'XgDB5jocW1meRiz', '1989-04-29', NULL, '203.160.182.2', 'inactive', 'user', '09382010796', NULL, '', 'July 22, 2019 04:55:42 PM', 'manilyndum', 'a5e6f1d4956a0b89edce778bb62a2075', 0, 0),
(463, 'bugsvannie03', '8e029f267307ac5f4b6707d05aebe3f5', 'Vannie ', 'Pineda', 'pinedalouise03@gmail.com', 'h4s8FL0eX4i3j8A', '1994-08-03', NULL, '49.148.162.211', 'active', 'user', '09304708096', '', '', 'August 25, 2019 11:45:00 PM', 'OH768', '8e029f267307ac5f4b6707d05aebe3f5', 0, 0),
(462, 'Janshell11819', '7cb9d4feb999623f7a28f59b403de983', 'John Riel ', 'Juntilla', 'johnriel.juntilla@gmail.com', 'WF7yvk5BGVMPpRP', '1985-07-14', NULL, '175.158.234.5', 'inactive', 'user', '09393579289', NULL, '', 'August 24, 2019 06:44:47 PM', '', '', 0, 0),
(238, 'Lin', '8304391780ade9a8d669039b16b1211d', 'Roselyn', 'Parcon', 'parxrgd@gmail.com', '9bkP1lIKXv8eDR1', '1973-03-02', NULL, '110.54.238.197', 'inactive', 'user', '09277719986', NULL, '', 'July 22, 2019 06:06:00 PM', '', '', 0, 0),
(239, 'majane1968', 'e4921ed32f4b09239416a6d6ce0e99d8', 'maria jane', 'bayona', 'mariajane.bayona@deped.gov.ph', 'YUEX3FsBSEknUnG', '1968-09-14', NULL, '203.215.117.157', 'active', 'user', '09432605396', '', '', 'July 22, 2019 06:46:10 PM', 'OH602', 'e4921ed32f4b09239416a6d6ce0e99d8', 0, 0),
(240, 'Skarlemz', 'e10adc3949ba59abbe56e057f20f883e', 'Carl Michaelll', 'Jandic', 'lynette9543@gmail.com', 'RBqtMAUO8OAa60c', '1998-10-22', NULL, '49.145.221.12', 'active', 'admin', '09158010869', '', 'qweqweqwe', 'July 22, 2019 07:02:54 PM', 'OH732', 'e10adc3949ba59abbe56e057f20f883e', 0, 3),
(241, 'junrich001', '9b4cad431c9f8cf9d4eae982d46ec3e2', 'Elegio Cacalda', 'Rendole Jr.', 'junrendole@yahoo.com', 'Zw9ckxnhWzPWunn', '1979-04-06', NULL, '110.54.237.143', 'active', 'user', '09335033777', '09652460001', '', 'July 22, 2019 08:18:41 PM', 'OH331', '4fd02225c7c42703e1eb358d4c8807c1', 0, 2),
(242, 'Normansalcedo81', '4c62896098ebcfb0e467afacd5c1926d', 'Norman', 'Salcedo', 'normansalcedo81@yahoo.com', 'DqVg6hq4TQROm8r', '1991-08-13', NULL, '175.176.93.117', 'active', 'user', '09466050336', NULL, '', 'July 22, 2019 08:51:56 PM', 'OH680', '4c62896098ebcfb0e467afacd5c1926d', 0, 0),
(243, 'jhon', '0e3fc8184e290a14c713ef84ce021152', 'JONAR', 'ESTABILLO', 'jonarestabillo@gmail.com', 'eJ1RjwCTEVQyrK2', '1988-01-03', NULL, '110.54.237.143', 'active', 'user', '09087586395', '6277118612066392', '', 'July 22, 2019 09:04:15 PM', 'jhon', '0e3fc8184e290a14c713ef84ce021152', 0, 0),
(244, 'Khalid bin kamilo', '7e4ff6e4fea0b864b590c57a832c5256', 'Halid', 'Maningcara', 'hmaningcara@yahoo.com', 'QEC1Bp1WZzxVguv', '1988-08-04', NULL, '110.54.242.61', 'inactive', 'user', '09555540670', NULL, '', 'July 22, 2019 09:45:35 PM', '', '', 0, 0),
(245, 'Dilah', '29da8da6532bb331f3e24971aa9843c6', 'Halid', 'Maningcara', '09555540670@yahoo.com', 'EceGPLY0eS3PIag', '1988-08-04', NULL, '49.149.105.100', 'inactive', 'user', '09555540670', NULL, '', 'July 22, 2019 10:05:06 PM', '', '', 0, 0),
(246, 'lloydnayona', '561f5c4f3242a1908abc8e4a21cc98f0', 'Lloyd Anthony', 'Nayona', 'lloydnayona123@gmail.com', '5UVvU9LPNeWrecR', '1992-03-16', NULL, '180.190.79.212', 'active', 'user', '09778540303', NULL, '', 'July 22, 2019 10:12:48 PM', 'OH141', '561f5c4f3242a1908abc8e4a21cc98f0', 0, 0),
(247, 'jbeverw', '78001f8f8d14761d8aabdc00787f72d6', 'JAMES BERNIE', 'CHIONG', 'everbeforewalking@gmail.com', 'ASAoPMA1cNZGcRj', '2001-02-15', NULL, '180.190.50.178', 'inactive', 'user', '9776732140', '', '', 'July 22, 2019 10:25:35 PM', ' OH356', '78001f8f8d14761d8aabdc00787f72d6', 0, 0),
(248, 'bernachiong13', 'cd93b24c55a6fee602783106e32f1076', 'BERNA MAE ELAINE', 'CHIONG', 'bernachiong@gmail.com', 'Es3QJw0KGVlni6z', '1989-11-13', NULL, '180.190.50.178', 'inactive', 'user', '9667851733', '', '', 'July 22, 2019 10:30:22 PM', 'OH368', 'cd93b24c55a6fee602783106e32f1076', 0, 0),
(249, 'dranrebc', '037aab88131ea188e996476bb321d40a', 'BERNARD', 'CHIONG', 'bernardchiong2018@gmail.com', '7iABFkJ15bVAqMU', '1960-03-07', NULL, '180.190.50.178', 'active', 'user', '9772027611', '6277118612061765', '', 'July 22, 2019 10:35:05 PM', 'OH664', '037aab88131ea188e996476bb321d40a', 0, 0),
(250, 'yuki', 'bf90b1a983038327d72613e0e6573c79', 'Joehenny Lois', 'Joromat', 'yjoromat@gmail.com', 'LVNdzoDC7fS0Pmo', '1996-08-01', NULL, '110.54.180.50', 'active', 'user', '09154984416', NULL, '', 'July 22, 2019 11:33:41 PM', 'OH243', 'bf90b1a983038327d72613e0e6573c79', 0, 0),
(461, 'karenjoy23', '5c890e73250df5f370bbeab8d540bc15', 'karen joy', 'narciso', 'karenjoynarciso14@gmail.com', 'w7zuyNb3fZQzUG2', '1988-07-23', NULL, '110.54.142.41', 'inactive', 'user', '09462525950', NULL, '', 'August 24, 2019 05:57:51 PM', '', '', 0, 0),
(252, 'loiloi', '8cf02548faf0e5a5fbd04378f7e91b06', 'Aiesha Loisse', 'Joromat', 'aieshaloisse@gmail.com', 'o7oKVHsaLNryfxS', '2006-12-13', NULL, '110.54.180.50', 'active', 'user', '09063326005', NULL, '', 'July 22, 2019 11:58:22 PM', 'OH84', '8cf02548faf0e5a5fbd04378f7e91b06', 0, 0),
(460, 'Chenn02', '9d232372a460246270898a9f6179036d', 'Chennie', 'Del Rosario', 'delrosario.chenn@gmail.com', '2P7D9JlfmkackRg', '1998-08-02', NULL, '120.28.238.219', 'inactive', 'user', '09468535932', NULL, '', 'August 24, 2019 01:25:13 PM', 'OH1159', '9d232372a460246270898a9f6179036d', 0, 0),
(459, 'edna605', '3fb02891eb4a7a7fbd7be4ad6f435a7f', 'Edna', 'PASCUA', 'ednaagustin605@gmail.com', '0cchoN89Z4JUIEH', '1960-12-10', NULL, '182.239.82.220', 'inactive', 'user', '09462757637', NULL, '', 'August 24, 2019 07:52:11 AM', 'OH1158', '3fb02891eb4a7a7fbd7be4ad6f435a7f', 0, 0),
(256, 'jhenryj09', '9a4ec2750fa018fd3ba9d4c652849aff', 'John Henry', 'Joromat', 'jhenryj09@gmail.com', '6OyeozlUJvB3qFq', '1995-03-09', NULL, '49.148.193.254', 'inactive', 'admin', '09366958431', NULL, '', 'July 23, 2019 09:47:34 AM', 'OH240', '9a4ec2750fa018fd3ba9d4c652849aff', 0, 2),
(457, 'mariosaycon', 'aeb34368c5d53aee32431b5386f71c56', 'Mario', 'Saycon', 'msaycon08@gmail.com', 'mLGUvoRnRn1RXsN', '1959-09-17', NULL, '130.105.135.247', 'active', 'user', '09230834466', NULL, '', 'August 23, 2019 01:08:35 PM', 'OH690', 'aeb34368c5d53aee32431b5386f71c56', 0, 0),
(258, 'Tems50', 'cb7b280344bf948c6f50c4f698545dc2', 'Artemia', 'Nayona', 'artemianayona700@gmail.com', '0N5sitdnNeHMc6Y', '1968-06-06', NULL, '110.54.213.208', 'active', 'user', '09561465898', NULL, '', 'July 23, 2019 11:20:11 AM', 'OH131', 'cb7b280344bf948c6f50c4f698545dc2', 0, 3),
(259, 'e_nagor', 'e10adc3949ba59abbe56e057f20f883e', ' ELMERITA', 'NAGOR', 'e_nagor@yahoo.com', 'Bl4C2Tx6nP42Dy5', '1956-12-12', NULL, '49.149.239.160', 'active', 'user', '09421281791', NULL, '', 'July 23, 2019 12:21:40 PM', 'OH632', 'e4921ed32f4b09239416a6d6ce0e99d8', 0, 0),
(456, 'Dragondrivers', '1282952138b53e0fa743aca3642eaa8a', 'Eric', 'Trazo', 'erictrazo88@gmail.com', 'yYWigtd6ahnMMia', '1972-02-05', NULL, '110.54.213.43', 'active', 'user', '09163517482', NULL, '', 'August 23, 2019 12:43:45 PM', 'OH234', '1282952138b53e0fa743aca3642eaa8a', 0, 0),
(455, 'angelsaycon', '08e40c13e2eea7a821535bcb30a5f6d5', 'Mariecar Angelique', 'Saycon', 'an_di08@yahoo.com', 'D3v6C772UqPjhhy', '1995-04-01', NULL, '130.105.135.247', 'active', 'user', '09323702686', NULL, '', 'August 23, 2019 12:27:50 PM', 'OH608', '08e40c13e2eea7a821535bcb30a5f6d5', 0, 0),
(454, 'saycon', 'c281b413e5a99c729629422c473d1fb4', 'Walter Chrisz', 'Saycon', 'waltzseven@yahoo.com', 'kw9I65bKtfvjTMe', '1986-12-24', NULL, '49.151.119.87', 'active', 'user', '09474756822', '09950380900', '', 'August 23, 2019 12:02:40 PM', 'OH636', 'c281b413e5a99c729629422c473d1fb4', 0, 0),
(453, 'DarlM45', '902bf767be503c1e93913272c6265c2e', 'Darlene', 'Mellejor', 'enelrad1974@gmail.com', 'BwES22cGhDGpQvk', '1974-09-03', NULL, '175.176.67.204', 'inactive', 'user', '09294887140', NULL, '', 'August 23, 2019 10:27:32 AM', '', '', 0, 0),
(452, 'Phoebetrx', 'c608f064909898bb63f7fc24a0502bad', 'Phoebe Una', 'Oseo', 'phoebe.oseo@gmail.com', 'qfegG2pQMjw1fKP', '2000-08-01', NULL, '175.176.67.33', 'inactive', 'user', '09095779797', NULL, '', 'August 23, 2019 10:06:09 AM', 'OH287', 'c608f064909898bb63f7fc24a0502bad', 0, 0),
(451, 'Triciatrx', 'c608f064909898bb63f7fc24a0502bad', 'Tricia Dominique', 'Oseo', 'triciaoseo@gmail.com', 'RdWOdaOMUZs03Xe', '1996-10-03', NULL, '175.176.67.33', 'inactive', 'user', '09460291188', NULL, '', 'August 23, 2019 10:00:16 AM', 'Oh73', 'c608f064909898bb63f7fc24a0502bad', 0, 3),
(266, 'Kingmar', 'cab6f9c662cfde8853be5f45f383050c', 'Marvin', 'Nalam', 'vbestacio@yahoo.com', 'bChsVzAQuoKb3ee', '1965-12-05', NULL, '210.213.166.8', 'inactive', 'user', '639559704198', '', '', 'July 23, 2019 04:31:14 PM', 'OH623', 'dbc71a7ce957fb49190e8f92bf5aa9f5', 0, 0),
(267, 'Terry', '4a0714f7f401073797632ffadfcdbe2b', 'Teresita', 'Paez', 'prinsesamj@yahoo.com', 'OyDi4Rao6aR64aJ', '1953-12-13', NULL, '210.213.166.8', 'inactive', 'user', '09176390604', '', '', 'July 23, 2019 04:47:42 PM', '677', '62cb0e35dbc4c2c1a41e703a63928eae', 0, 0),
(268, 'Onak74', 'dbc5fa3bd15097d8a0722b54b4c0c88e', 'Richard', 'Abad', 'jraykikmczamk@gmail.com', 'Esblq06u8yzNNd0', '1978-04-16', NULL, '110.54.178.106', 'active', 'user', '09651170884', '', '', 'July 23, 2019 04:48:24 PM', 'OH824', '7beb0cd0b96a101ebeef1f0ef6edae0e', 0, 0),
(269, 'Joyman', 'c9fc7625541537c78ff69c594d618bad', 'Josephine', 'Manapsal', 'prinsesamj74@gmail.com', 's4ZGOZ82kYMRTGU', '1974-02-27', NULL, '210.213.166.8', 'active', 'user', '09338161548', '', '', 'July 23, 2019 05:00:10 PM', '704', 'a761ac602036c5a2214dfa0718b7978c', 0, 0),
(270, 'Ejsalera', '1f590f304889c31dbaa8287dd2ac5d69', 'Eric Jones', 'Salera', 'ejones05_online@yahoo.com', 'BT1ujN8oLHZr1hT', '1982-05-05', NULL, '110.54.182.93', 'inactive', 'user', '09177775903', 'OH353', '', 'July 23, 2019 05:18:55 PM', 'OH353', '1f590f304889c31dbaa8287dd2ac5d69', 0, 2),
(271, 'ginapj', 'e1d4e64403348df9e1e6d893a22fd529', 'Gina', 'Johnston', 'gpjohnstonrealty@yahoo.com', 'MHIq5ZHHLDI1T9L', '1964-12-08', NULL, '110.54.223.213', 'active', 'user', '09177218255', NULL, '', 'July 23, 2019 09:33:57 PM', 'OH849', 'e1d4e64403348df9e1e6d893a22fd529', 0, 0),
(272, 'jeanethgore', '477228ff570118c54958afe9e0a259b3', 'Jeaneth', 'Banares', 'jeanethbanares75@gmail.com', '1KjEOEXj9PxjOv4', '1975-04-25', NULL, '120.72.18.229', 'inactive', 'user', '09461343667', NULL, '', 'July 24, 2019 09:43:38 AM', 'OH710', '477228ff570118c54958afe9e0a259b3', 0, 0),
(273, 'Jeanethgore02', '477228ff570118c54958afe9e0a259b3', 'Jeaneth', 'banares', 'jeanethbanare75@gmail.com', 'b0BAUSWOekxJ95c', '1975-04-25', NULL, '120.72.18.227', 'inactive', 'user', '09461343667', '6277118612061658', '', 'July 24, 2019 10:56:36 AM', 'OH710', '477228ff570118c54958afe9e0a259b3', 0, 0),
(274, 'Luckyjoy', 'e6cd9466b8c60ce0c470b38516199686', 'Joy marie', 'Dela Cruz', 'joymariedelacruz1961@gmail.com', '47bHPPsn0WMIGUi', '1961-01-20', NULL, '210.213.166.8', 'active', 'user', '09281507634', '', '', 'July 24, 2019 11:13:07 AM', 'OH443', '10d7abdf792509720d7b7fc5e217ea3e', 0, 0),
(450, 'WynAve', '679fbc17904f28f53754a1db39dcec09', 'Wyn Ave', 'Cagakit', 'wynave.cagakit@deped.gov.ph', 'EKSyb3lVWuXHCgR', '1993-03-21', NULL, '110.54.207.31', 'inactive', 'user', '09063585116', NULL, '', 'August 21, 2019 10:00:00 PM', 'OH1096', '679fbc17904f28f53754a1db39dcec09', 0, 2),
(276, 'lyzza02', '0cc30300f6380bedda2d4519ee6b4f2a', 'Elle lyzza', 'Banares', 'lyzzabanares20@gmail.com', 'pPeTlxtYs5h97fF', '1997-10-20', NULL, '122.53.82.98', 'inactive', 'user', '09461343667', '6277118612082894', '', 'July 24, 2019 07:41:38 PM', 'Oh762', '0cc30300f6380bedda2d4519ee6b4f2a', 0, 0),
(319, 'mitxel', '4cd2bb08c5757cee642e277d7f8f9624', 'MICHEELE E.', 'BERNARDEZ', 'bernardez.micheele@yahoo.com', 'cSCPaLBpUottxAN', '1995-03-29', NULL, '49.148.161.42', 'inactive', 'user', '09179995479', NULL, '', 'July 29, 2019 03:54:17 PM', '', '', 0, 0),
(277, 'jouie8888', 'f7a5b3406fced29a3cb0575bcbe48cd9', 'JOEY', 'DELA PENA CRUZ', 'jouie.universal@gmail.com', 'y46NWRtbjcqBQsr', '1964-01-04', NULL, '110.54.245.111', 'active', 'user', '09978000838', '09978000838', '', 'July 25, 2019 12:08:38 AM', 'OH88', 'f7a5b3406fced29a3cb0575bcbe48cd9', 0, 2),
(278, 'Lizamae', '6f4ab734e7f48b681a4cb69ac77aaddf', 'Analiza', 'conception', 'analiza.conception@yahoo.com', 'fgKkkun3iI2Uz5K', '1971-06-06', NULL, '101.127.74.156', 'inactive', 'user', '09661867376', NULL, '', 'July 25, 2019 12:34:16 AM', 'OH99', '6f4ab734e7f48b681a4cb69ac77aaddf', 0, 2),
(279, 'jhen', '77187fbeb8328e90d1ea9fe6deff2d14', 'Jennifer', 'Feleno', 'jenniferfeleno@gmail.com', 'VuC5D7r5QS1cxBD', '1991-12-21', NULL, '180.190.47.90', 'inactive', 'user', '09999836687', NULL, '', 'July 25, 2019 12:48:38 AM', '', '', 0, 0),
(280, 'thelma', '9f0e12f0c9098b1949ad538122a9cf5a', 'thelma', 'arong', 'arong_thelma1951@yahoo.com', 'S2APPNb78GGjG34', '1951-06-02', NULL, '49.151.7.127', 'inactive', 'user', '09065269605', NULL, '', 'July 25, 2019 08:23:53 AM', 'OH313', '9f0e12f0c9098b1949ad538122a9cf5a', 0, 0),
(281, 'wilma', '4e7c1d674fa51124c45b482de628a4f2', 'wilma', 'ortiguesa', 'wilmaortiguesa@gmail.com', 'yCBxj4eEzvEAapT', '1983-01-11', NULL, '110.54.160.62', 'inactive', 'user', '09976733729', NULL, '', 'July 25, 2019 08:58:37 AM', '', '', 0, 0),
(282, 'Liezl', '0a595d7b82a21dad1038b83eee6f0a36', 'Liezl', 'Arong', 'liezl_arong@yahoo.com', 'khfM7FCM6MQU19P', '1980-10-02', NULL, '110.54.151.5', 'active', 'user', '09177172866', NULL, '', 'July 25, 2019 10:36:17 AM', 'OH321', '0a595d7b82a21dad1038b83eee6f0a36', 0, 0),
(283, 'rjoneheart01', '97ee31875512b685094ee7faa8d40a1a', 'Argie', 'Ganzan', 'aganzan2018@gmail.com', '6apCgOIMkzps630', '1989-10-25', NULL, '180.190.194.165', 'inactive', 'user', '09420583666', '6277 1186 1206 5469', '', 'July 25, 2019 05:16:36 PM', '', '', 0, 2),
(284, 'Juliusampo', '667430fb5edd8844d2ce483794b9d248', 'Julius', 'Ampo', 'julius41ampo@gmail.com', 'HGdmbLtFkx4Zi4n', '1981-07-26', NULL, '95.184.50.111', 'inactive', 'user', '0531121536', '', '', 'July 25, 2019 06:55:17 PM', 'OH425', '667430fb5edd8844d2ce483794b9d248', 0, 3),
(285, 'tori600', '5245f8d294cc2a91734e5e0912b5ece6', 'Fely', 'Mayol', 'felymayol@gmail.com', 'l31i0S9ajX3L28f', '1950-08-07', NULL, '180.190.163.109', 'inactive', 'user', '09332813548', NULL, '', 'July 25, 2019 09:11:03 PM', '', '', 0, 3),
(286, 'majas01', 'a1a9d4afb1f6f6cd2196e5822b2e7dae', 'Jerry', 'Mayol', 'mayoljerry@gmail.com', 'AScvTxOzMGZaT9e', '1951-11-07', NULL, '180.190.163.109', 'inactive', 'user', '09162539822', NULL, '', 'July 25, 2019 09:24:55 PM', '', '', 0, 3),
(287, 'natz02', '6328bd241a0c993a65ed355de24a0fd7', 'natividad', 'sanchez', 'ironladyxp@gmail.com', 'CMhZXLwuhU0E0CO', '1953-09-08', NULL, '180.190.163.109', 'inactive', 'user', '09277958513', NULL, '', 'July 25, 2019 09:36:14 PM', '', '', 0, 2),
(288, 'junram02', '8d281816f2f088297369cc3b93173e58', 'Flaviano', 'Ramirez', 'sterme01@gmail.com', 'OY5Crwo05C7lT0c', '1959-12-21', NULL, '180.190.163.109', 'inactive', 'user', '09207867134', NULL, '', 'July 25, 2019 10:41:41 PM', '', '', 0, 0),
(289, 'BJBACALSO', 'e10adc3949ba59abbe56e057f20f883e', 'David James', 'Bacalso', 'djbacalso_387@yahoo.com', 'QGGV1W5eTZOoLOS', '1981-10-18', NULL, '49.147.199.15', 'inactive', 'user', '09234336363', NULL, '', 'July 26, 2019 01:47:32 AM', '', '', 0, 3),
(290, 'sheila', 'd520a645b30fac4a3416141cfe966905', 'Sheila Mae', 'Bauno', 'sheilamae.bauno@gmail.com', 'TTLU9k9PsZve5Y9', '1989-03-15', NULL, '110.54.213.217', 'inactive', 'user', '09234336363', NULL, '', 'July 26, 2019 02:05:58 AM', '', '', 0, 0),
(291, 'joremjorge', 'd5b075c69e95abe4b6beddb6fc1fb0f3', 'Jorem Jorge', 'Cantina', 'joremjc2@gmail.com', 'FrBpx5HGZIiyPU0', '1991-01-18', NULL, '110.54.192.65', 'inactive', 'user', '09225005248', NULL, '', 'July 26, 2019 02:11:05 AM', 'OH744', 'd5b075c69e95abe4b6beddb6fc1fb0f3', 0, 0),
(292, 'dessangsang', 'b617a51d6daa26357e82eaa4f454de34', 'Rodessa', 'Aranda', 'dessangsang089@gmail.com', 'R9Jl1XC3fttqTxJ', '1989-09-24', NULL, '175.176.66.101', 'inactive', 'user', '09499938262', NULL, '', 'July 26, 2019 02:24:30 AM', '', '', 0, 0),
(293, 'Marvin143', '891bd5f4e1db0ee013e33e58d25e5745', 'Marvin', 'Bensig', 'nivramgisneb22@gmail.com', 'TfxquD9tN3LDFT5', '1992-09-06', NULL, '180.190.198.105', 'inactive', 'user', '09235405606', NULL, '', 'July 26, 2019 05:52:25 AM', '', '', 0, 0),
(294, 'Mjberuela', 'ffaae69b7df154d46e23dc438095df9a', 'Mary Joy', 'Beruela', 'joiyz_07@yahoo.com', 'lHrfUI936Ax1dM6', '1991-01-07', NULL, '110.54.182.171', 'inactive', 'user', '09052722505', '09052722505', '', 'July 26, 2019 06:40:08 AM', '0H377', 'ffaae69b7df154d46e23dc438095df9a', 0, 0),
(295, 'nitzguinoo', 'a79f8d9cfee51be575e99e1c617e0342', 'NENITA', 'GUINOO', 'nitzxy@yahoo.com', 'PRznNNUZ9ErJTXJ', '1965-03-21', NULL, '110.54.162.67', 'inactive', 'user', '09101920790', NULL, '', 'July 26, 2019 10:12:27 AM', 'OH132', 'a79f8d9cfee51be575e99e1c617e0342', 0, 3),
(296, 'marina02', '94da5d5cf6435ec4966274201c99265c', 'Marina', 'Abadies', 'marina0357@gmail.com', 'K0JD1wLpXuWwiD7', '1957-03-03', NULL, '180.190.163.109', 'inactive', 'user', '09062967360', NULL, '', 'July 26, 2019 12:02:57 PM', '', '', 0, 0),
(297, 'ryan.estiya', '5000ce52f3b84dc4ef756c7598ab119a', 'Ryan Nemar', 'Estiya', 'ryan_estiya@yahoo.com', 'zwmBUAomsN32cJQ', '1984-05-13', NULL, '222.127.135.6', 'inactive', 'user', '09324238816', '09324238816', '', 'July 26, 2019 01:10:42 PM', '', '', 0, 0),
(298, 'KINZ15', '3a7f412bbd3263b65270e9543cfb20eb', 'Virginia ', 'Ampo', 'elcanoghie@gmail.com', '0XhVc6UApHhRLdy', '1975-10-15', NULL, '93.168.129.79', 'inactive', 'user', '09385747672', '', '', 'July 26, 2019 02:09:20 PM', 'OH463', '3a7f412bbd3263b65270e9543cfb20eb', 0, 3),
(299, 'gela02', 'a03277bdcb7f35dffcdd90b189fb8eea', 'Angela', 'Sanchez', 'mluv2500@gmail.com', 'ifNiaix3cxoBOFg', '1987-11-13', NULL, '180.190.163.109', 'inactive', 'user', '09226235846', NULL, '', 'July 26, 2019 02:19:17 PM', '', '', 0, 0),
(300, 'Lyca1996', '67600d771456995b2cd7f48515d5615c', 'Lyca', 'Lacson', 'lycalacson@yahoo.com.ph', '6ddwalrgyHUENLF', '1996-05-09', NULL, '110.54.230.48', 'inactive', 'user', '09120803531', NULL, '', 'July 26, 2019 02:58:21 PM', '', '', 0, 0),
(301, 'jhunjhay', 'ad05b81611c58682330a67551e928d30', 'jay', 'laconse', 'jdlaconse@gmail.com', 'XIBx6p3LPzXa3jd', '1975-01-27', NULL, '49.148.206.36', 'inactive', 'user', '09067152075', NULL, '', 'July 26, 2019 03:01:52 PM', '', '', 0, 0),
(302, 'Beth76', 'b985b485e5f575ac1c62bc26b8d256b2', 'Lilibeth', 'Pacardo', 'leilacalaus@gmail.com', 'W0hSOV7o3rpej9z', '1976-03-03', NULL, '129.208.121.218', 'inactive', 'user', '09506349946', NULL, '', 'July 26, 2019 04:16:02 PM', '', '', 0, 0),
(303, 'Beth Chica', '027e49921f0fbed6079abd4e9142cc71', 'Maribeth', 'Marquez', 'bethchica7@gmail.com', 'swIgCFaAfNPrEHx', '1970-11-19', NULL, '210.213.166.8', 'inactive', 'user', '09356901145', '', '', 'July 26, 2019 07:08:28 PM', 'OH830', 'e10adc3949ba59abbe56e057f20f883e', 0, 0),
(304, 'avilajr08', '5858ea228cc2edf88721699b2c8638e5', 'Claro Jr. ', 'Avila', 'avilajr08@yhaoo.com.ph', 'dg6WG8fP5dG01q0', '1979-12-08', NULL, '110.54.145.115', 'active', 'user', '09772761284', NULL, '', 'July 26, 2019 11:28:37 PM', 'OH919', '5858ea228cc2edf88721699b2c8638e5', 0, 0),
(305, 'Ai edm', '4dc1ad1d091a6afd309e34d43b69f005', 'Eileen', 'Malunes', 'eidmalunes@gmail.com', 'jB4VCoBr2yzWcCa', '1966-10-22', NULL, '49.148.236.129', 'inactive', 'user', '09207322391', NULL, '', 'July 27, 2019 01:10:39 PM', 'OH570', '4dc1ad1d091a6afd309e34d43b69f005', 0, 0),
(449, 'jam13man', 'bfa511e17c86fc7eba12bd9cf3014254', 'Jammie', 'Manansala', 'manansala.jammie@gmail.com', 'KSQa64stKVpAlWf', '1996-04-13', NULL, '110.54.181.177', 'active', 'user', '09673910358', '09673910358', '', 'August 21, 2019 09:19:52 PM', '', '', 0, 0),
(307, 'RemusC', '19a42543f42de60b92768bd73f18bdb7', 'Remus', 'Cuevas', 'bluepolar12@gmail.com', 'quyEji1vcC9ovY9', '1981-04-12', NULL, '74.82.60.96', 'active', 'user', '09337646839', '6277118612082845', '', 'July 27, 2019 04:58:16 PM', 'OH772', '19a42543f42de60b92768bd73f18bdb7', 0, 0),
(313, 'oliver_d', '7a06b79c3c7fb8c96fa2c2d3593a2e40', 'Oliver', 'Dalumpines', 'dalumpinesoliver@gmail.com', 'bYu3UMVq3BGtXvy', '1990-08-03', NULL, '49.149.28.240', 'active', 'user', '09176258582', NULL, '', 'July 29, 2019 08:22:17 AM', 'OH685', '7a06b79c3c7fb8c96fa2c2d3593a2e40', 0, 0),
(448, 'naomigaray', 'cc1b42a36a136525616a70bb6cfbfa4e', 'NAOMI', 'GARAY', 'garymilo2000@yahoo.com', '49zymvt0UJ1aTn2', '1955-11-08', NULL, '180.190.174.145', 'inactive', 'user', '09975884774', '', '', 'August 21, 2019 06:52:02 PM', 'OH1066', '7798fa026b66e90f11b586fef8a1b49a', 0, 2),
(315, 'nodileg', '9f7a11e35ab3e756054e3702bafe2bef', 'Melanio', 'Gelidon', 'melgelidon@gmail.com', 'nePGwD4PW36iirN', '1957-10-16', NULL, '49.146.10.122', 'active', 'user', '09988634662', '', '', 'July 29, 2019 10:36:47 AM', 'OH555', 'e4921ed32f4b09239416a6d6ce0e99d8', 0, 0),
(316, 'Victorgabo0419', '99864b66f228389ff2a94b418f889a7f', 'Victor', 'Gabo', 'victorairconditioning@gmail.com', '3OeY1WNA6fEpQLG', '1971-04-19', NULL, '49.148.161.42', 'active', 'user', '09176503578', NULL, '', 'July 29, 2019 11:15:33 AM', 'Oh52', '99864b66f228389ff2a94b418f889a7f', 0, 0),
(317, 'anaella', '5271a384b14f91a5de824d22efd3f4bf', 'Henry', 'Bayocboc', 'holybornchild08@yahoo.com', 'BA4CnfWxgwH3ABi', '1981-10-31', NULL, '112.198.75.221', 'active', 'user', '09238900919', NULL, '', 'July 29, 2019 12:59:04 PM', 'OH784', '5271a384b14f91a5de824d22efd3f4bf', 0, 0),
(318, 'Erixer', '112220501d25740753e4855a25834174', 'Eric Francis', 'Aquino', 'erixerfreaker91987@gmail.com', 'nc17amZeonSibOP', '1987-09-09', NULL, '110.54.242.68', 'inactive', 'user', '09994139656', NULL, '', 'July 29, 2019 02:34:57 PM', 'OH134', '112220501d25740753e4855a25834174', 0, 0),
(320, 'zitazones', '0622f3ab23b89784bb8cb1373fb5c873', 'Zita', 'Puti-an', 'zitazones@yahoo.com', 'GD4WX9bfw0nUUwo', '1972-04-27', NULL, '49.148.161.42', 'active', 'user', '09234422130', NULL, '', 'July 29, 2019 05:29:27 PM', 'OH675', 'e10adc3949ba59abbe56e057f20f883e', 0, 0),
(321, 'anecito', 'a58d010e1dfe446d1946fc45eacfe73c', 'Anecito', 'Ambay', 'anecitoambay@yahoo.com', 'SpWvIXBw5g6p6A6', '1961-05-07', NULL, '49.148.161.42', 'inactive', 'user', '09193928073', NULL, '', 'July 29, 2019 06:24:42 PM', 'OH412', 'a58d010e1dfe446d1946fc45eacfe73c', 0, 0),
(322, 'peryong', '9bfb4f0981e80b0274e2ff0067f460c5', 'Porfirio Junior', 'Gabaon', 'porlenalexa@gmail.com', 'FMM0KDwDvkwf6ux', '1987-08-15', NULL, '110.54.249.206', 'active', 'user', '09958707920', NULL, '', 'July 29, 2019 06:30:02 PM', 'OH193', '9bfb4f0981e80b0274e2ff0067f460c5', 0, 0),
(323, 'Whitewings', 'e10adc3949ba59abbe56e057f20f883e', 'Wilma', 'Castillo', 'wilma_c888@yahoo.com', 'MvFQ2SeaQlBjtyC', '1961-09-01', NULL, '112.198.113.91', 'active', 'user', '09098986788', '', '', 'July 29, 2019 07:03:53 PM', '', '', 0, 0),
(324, 'JomarBrown', 'f355d72e1e54168e2a9a74432269a0d8', 'Jonathan', 'Soquite', 'jonathansoquite@gmail.com', 'cyHeGeNxi6o0W82', '1979-07-07', NULL, '110.54.238.174', 'inactive', 'user', '09566912095', NULL, '', 'July 29, 2019 07:29:25 PM', '', '', 0, 0),
(325, 'wilma1961', 'e10adc3949ba59abbe56e057f20f883e', 'wilma', 'castillo', 'wilma@yahoo.com', 'HuRI5l5E8MXkGZb', '1961-09-01', NULL, '49.146.10.122', 'inactive', 'user', '09098986788', '', '', 'July 29, 2019 07:49:21 PM', 'OH604', 'e10adc3949ba59abbe56e057f20f883e', 0, 0),
(326, 'xxx666', 'e10adc3949ba59abbe56e057f20f883e', 'Erwin', 'Ramos', 'xxx6662011@gmail.com', '2VsmVLw4QraLKYx', '1980-07-29', NULL, '175.176.90.215', 'active', 'user', '09985551816', NULL, '', 'July 29, 2019 07:54:58 PM', 'Oh114', '6e9a8c968141f56cd7d2f63a64f3f5ac', 0, 0),
(327, 'Danielrex', '16c0a0534200c78f6fb9b9b4e3e470a1', 'Daniel Rex', 'Lilam', 'danielrexlilam@gmail.com', 'WZb4VmoXwJ7UQ5c', '1989-04-17', NULL, '49.148.161.42', 'active', 'user', '09121067902', NULL, '', 'July 29, 2019 08:06:08 PM', 'OH325', '16c0a0534200c78f6fb9b9b4e3e470a1', 0, 0),
(328, 'Cris01', '6e0fda3bee260a1ccdbc4985a418eb02', 'Cristy', 'Lintang', 'cristylintang6@gmail.com', 'HVzFyAlOW6irnHa', '1990-08-21', NULL, '175.176.89.175', 'inactive', 'user', '09472633561', NULL, '', 'July 29, 2019 08:10:13 PM', '', '', 0, 0),
(329, 'nonoywacky', '1c512edb61431bdb583072ed40a54204', 'Joaquin', 'Tusalem', 'joaquintabiolotusalem@gmail.com', '7Y8ChNPhjkBVCK2', '1982-12-25', NULL, '175.176.90.206', 'active', 'user', '09357165476', NULL, '', 'July 29, 2019 08:22:49 PM', 'OH374', 'e10adc3949ba59abbe56e057f20f883e', 0, 0),
(330, 'Nikkay', '85a7be868c25289e353ceaf9e59cf2b0', 'Nikki', 'Burn', 'nikkiburn28@gmail.com', 'JkWyvqAD2s2s2Hi', '1989-05-26', NULL, '110.54.163.252', 'inactive', 'user', '09100512737', NULL, '', 'July 29, 2019 09:46:12 PM', '', '', 0, 0),
(331, 'Mel07', 'd85f45e80ea007871d3a7d1293e4fd78', 'Nelyn', 'Tuñacao', 'nelyntunacao07@gmail.com', 'bE40Ze8ekxFaRTj', '1990-11-07', NULL, '49.146.16.83', 'inactive', 'user', '09354867866', NULL, '', 'July 29, 2019 10:52:07 PM', '', '', 0, 0),
(332, 'gina_r', '3053221d923b77bc4a2510990f02d24d', 'Gina', 'Ramirez', 'ginapramirez98@gmail.com', 'v864uu6CBkDRJHN', '1976-08-26', NULL, '110.54.139.103', 'active', 'user', '09457012805', NULL, '', 'July 30, 2019 05:43:32 AM', 'OH643', 'e10adc3949ba59abbe56e057f20f883e', 0, 2),
(333, 'adellecasten', 'ea5d051e751365b0deb12501381a80ca', 'ADELMAR', 'CASTEN', 'adelle_universal@yahoo.com', 'OvA67Y8usMThS7X', '1968-04-06', NULL, '110.54.205.244', 'inactive', 'user', '09155903602', NULL, '', 'July 30, 2019 10:31:20 AM', '', '', 0, 0),
(334, 'nhingdasma', '5858ea228cc2edf88721699b2c8638e5', 'Elnie', 'Dasmarinas', 'nhingdasma@gmail.com', 'STA4a2wTzci39fR', '1979-02-13', NULL, '112.200.18.37', 'inactive', 'user', '09497308871', NULL, '', 'July 30, 2019 06:20:20 PM', 'OH945', '5858ea228cc2edf88721699b2c8638e5', 0, 0),
(335, 'Beyondhealthph', '21218cca77804d2ba1922c33e0151105', 'Charline Flor', 'Dominguez', 'cfd.dominguez@yahoo.com', 'ioXNMzriZUJKfTG', '1973-11-09', NULL, '49.146.76.19', 'inactive', 'user', '09184378999', NULL, '', 'July 30, 2019 10:00:19 PM', '', '', 0, 0),
(336, 'ojc10 ', '709e4b0c3d0094452861183559f7887b', 'Olive joy', 'Campos', 'ojc10@yahoo.com', 'pgwvOWc83qfu1WZ', '1985-10-05', NULL, '49.149.178.66', 'active', 'user', '09469331844', '09675541932', '', 'July 31, 2019 09:35:57 AM', 'OH199', '709e4b0c3d0094452861183559f7887b', 0, 0),
(337, 'donrolando', 'e10adc3949ba59abbe56e057f20f883e', 'Rolando', 'Berin', 'rainbee_13@yahoo.com', 'jJfivo9wenBo6gh', '1953-06-13', NULL, '49.148.166.128', 'active', 'user', '09338650014', NULL, '', 'July 31, 2019 01:16:53 PM', 'Oh69', '2de9201218dc76f262ee3f95cb08a28c', 0, 2),
(338, 'jundaysjr66', '33dbe213835f0631ed9c7cb3d197d1c4', 'Leodegario', 'Diaz', 'jundays@yahoo.ca', 'DrL2SHI1Oq5EZtz', '1961-06-06', NULL, '49.148.166.128', 'inactive', 'user', '09209205273', NULL, '', 'July 31, 2019 01:25:44 PM', 'OH786', '33dbe213835f0631ed9c7cb3d197d1c4', 0, 0),
(339, 'rose', '4b3a66a0862473c9d118246ded841bf5', 'Rosemarie', 'Vidad', 'Lady_nrose@yahoo.com', '9sAgR7nuFUZbio0', '1975-10-12', NULL, '49.148.166.128', 'inactive', 'user', '09090002580', NULL, '', 'July 31, 2019 01:25:47 PM', '', '', 0, 0),
(340, 'Jean1954', 'e10adc3949ba59abbe56e057f20f883e', 'Jeannie', 'Berin', 'jean@yahoo.com', 'Wi2tkGoQQNbYgqg', '1954-08-04', NULL, '49.148.166.128', 'inactive', 'user', '09437026602', NULL, '', 'July 31, 2019 01:26:18 PM', 'Oh858', '2de9201218dc76f262ee3f95cb08a28c', 0, 0),
(341, '061265747', 'e10adc3949ba59abbe56e057f20f883e', 'Liberty', 'Abantao', 'j_farms@yahoo.com', 'zCUwU8160C7tlcU', '1965-06-12', NULL, '175.176.85.35', 'active', 'user', '09265467691', NULL, '', 'July 31, 2019 01:32:59 PM', 'OH922', 'e10adc3949ba59abbe56e057f20f883e', 0, 0),
(342, 'Lyric', '1db2c6552ab2bcbc932ad37f700ee06b', 'Lyric', 'Fernando', 'lyric.fernando@gmail.com', 'CB8CW0rpz1AkDE9', '1980-06-18', NULL, '49.148.166.128', 'inactive', 'user', '09466637188', NULL, '', 'July 31, 2019 01:54:38 PM', 'OH237', '18b07c5a026bb0ec86b30eb92d8eea02', 0, 2),
(343, 'joyceancog ', 'b30818fbefba7d70122c6bb438ef5d41', 'Joyce', 'Ancog', 'jtancog@yahoo.com', 'KzqGBHdo5eBVMD6', '1972-01-02', NULL, '77.119.129.222', 'inactive', 'user', '00639563467688', '', '', 'July 31, 2019 05:07:30 PM', 'OH156', 'b30818fbefba7d70122c6bb438ef5d41', 0, 2),
(344, 'Nathan21', '5858ea228cc2edf88721699b2c8638e5', 'Jonathan', 'Quibalayan', 'quibalayanj@gmail.com', '1gop8oHbplu3cKM', '1982-04-21', NULL, '110.54.231.119', 'inactive', 'user', '09954311382', NULL, '', 'August 01, 2019 11:19:01 AM', '', '', 0, 0),
(345, 'Kimheart01', '733d7be2196ff70efaf6913fc8bdcabf', 'Kimbert', 'Malapitan', 'kimgalaxy2013@gmail.com', '2TTAhwPHD7eznGa', '1979-10-27', NULL, '175.176.67.128', 'active', 'user', '09085186261', NULL, '', 'August 01, 2019 07:37:49 PM', 'Oh855', 'b0a7ed182e8d85fb997c8ce5f12650c7', 0, 3),
(346, 'bigtime2019', 'f555a3bc40a59b8c7ed3181553906fce', 'Rotche ', 'De Gracia', 'rutchelzkie@gmail.com', 'jotSWFe33RC0u4U', '1990-07-11', NULL, '110.54.247.162', 'active', 'user', '09772362346', '09772362346', '', 'August 01, 2019 10:17:44 PM', 'OH950', 'e10adc3949ba59abbe56e057f20f883e', 0, 0),
(347, 'Amyjelly1975', 'e10adc3949ba59abbe56e057f20f883e', 'Amy jelly', 'Pajal', 'bayoii_yoii@yahoo.com', 'ouN2EVfYFPiFx4E', '1975-05-28', NULL, '110.54.165.54', 'inactive', 'user', '09108063498', NULL, '', 'August 02, 2019 08:43:32 AM', '', '', 0, 0),
(348, 'JUNREYDELACRUZ', 'e10adc3949ba59abbe56e057f20f883e', 'JUNREY', 'DELA CRUZ', 'junreydelacruz1@gmail.com', 'K3950lsBQLR6brJ', '1989-04-01', NULL, '110.54.244.219', 'inactive', 'user', '09556697119', '', '', 'August 02, 2019 08:45:46 AM', 'OH166', 'e10adc3949ba59abbe56e057f20f883e', 0, 0),
(349, 'apple123', '576a8717710f586cea9c859c204eb372', 'Apple', 'Maulit', 'applemaulit24@gmail.com', 'ONxsHs9DVtRK8M7', '1994-04-17', NULL, '49.148.203.91', 'inactive', 'user', '09274981212', '', '', 'August 02, 2019 10:09:44 AM', 'OH878', '576a8717710f586cea9c859c204eb372', 0, 0),
(350, 'jay_ar', '1b6a0ef1ad2bdc7b29d99e925998a18e', 'Jay-Ar ', 'Camaddo', 'jcamaddo@yahoo.com', 'jvdWt4iI9J9r5v2', '1986-11-11', NULL, '49.148.203.91', 'active', 'user', '09127547136', NULL, '', 'August 02, 2019 11:12:56 AM', 'OH684', 'e10adc3949ba59abbe56e057f20f883e', 0, 0),
(351, 'daniel_c', 'ad20883f76cb7e633caa61caa9bc6b58', 'Daniel', 'Cruz', 'leinadzurc219@gmail.com', '08AxssXfpNk4uaV', '1994-06-26', NULL, '49.148.203.91', 'active', 'user', '09456007181', NULL, '', 'August 02, 2019 11:17:16 AM', 'OH683', 'ad20883f76cb7e633caa61caa9bc6b58', 0, 0),
(352, 'angelica_1', 'a29bd25adfec60247f9f487a5d995821', 'Angelica', 'Lazarra', 'lazarraangel10@gmail.com', 'THFJlK4i3Ev7F3x', '1973-09-21', NULL, '49.148.203.91', 'active', 'user', '09453586636', NULL, '', 'August 02, 2019 11:22:15 AM', 'OH686', 'e10adc3949ba59abbe56e057f20f883e', 0, 0),
(353, 'GERLYDEASIS', 'e10adc3949ba59abbe56e057f20f883e', 'GERLY', 'DE ASIS', 'gerliedeasis@gmail.com', 'ZLLI4onsrHpLGok', '1969-06-28', NULL, '110.54.160.248', 'inactive', 'user', '09122377397', NULL, '', 'August 02, 2019 11:40:41 AM', 'OH323', 'e10adc3949ba59abbe56e057f20f883e', 0, 0),
(354, 'jemariecaballero', 'e10adc3949ba59abbe56e057f20f883e', 'JEMARIE', 'CABALLERO', 'jenliquitcaballero@gmail.com', 'higCUm6w9dsjGMw', '1975-04-11', NULL, '110.54.164.109', 'inactive', 'user', '09263391607', NULL, '', 'August 02, 2019 12:23:47 PM', 'oh278', 'e10adc3949ba59abbe56e057f20f883e', 0, 0),
(355, 'FEJAMBALA', 'e10adc3949ba59abbe56e057f20f883e', 'FE', 'JAMBALA', 'fejambala@yahoo.com', 'Ceq1WyJfqorHVqL', '1968-01-23', NULL, '110.54.162.112', 'inactive', 'user', '09461299623', NULL, '', 'August 02, 2019 12:53:47 PM', 'OH226', 'e10adc3949ba59abbe56e057f20f883e', 0, 0),
(356, 'junreylasay', 'e10adc3949ba59abbe56e057f20f883e', 'JUNREY', 'LASAY', 'junreylasay@yahoo.com', 'pICf0xnsxjXUpJP', '1981-06-17', NULL, '110.54.162.112', 'inactive', 'user', '09284345085', NULL, '', 'August 02, 2019 01:06:42 PM', 'OH255', 'e10adc3949ba59abbe56e057f20f883e', 0, 0),
(357, 'Nardo1951', 'e10adc3949ba59abbe56e057f20f883e', 'Nardo', 'De Vera', 'nardodevera@yahoo.com', 'yqihn2hFXvvgaV1', '1951-03-22', NULL, '49.148.203.91', 'active', 'user', '09177269383', NULL, '', 'August 02, 2019 02:55:04 PM', 'Oh964', 'e10adc3949ba59abbe56e057f20f883e', 0, 0),
(358, 'Caleb', '7ff135854376850e9711bd75ce942e07', 'Christian ', 'Claver ', 'calebrevalc@gmail.com', 'RuktfNR9ntkv1EH', '1989-05-04', NULL, '49.149.127.214', 'active', 'user', '09074570634', NULL, '', 'August 02, 2019 03:29:55 PM', '', '', 0, 0);
INSERT INTO `member` (`member_id`, `member_username`, `member_pw`, `member_fname`, `member_lname`, `member_email`, `referral_code`, `member_bdate`, `member_regdate`, `member_ip`, `member_status`, `member_level`, `member_contactnum`, `member_truemoney`, `member_location`, `member_reg`, `ohid`, `ohpw`, `redeem_outlet_access`, `set_position`) VALUES
(446, 'VIPHEART', '89828e63fc91b364bb94ab84c131fa70', 'Jhunas Joan ', 'Nocos', 'jhunasjoan@gmail.com', 'DTSRdDLkTTNvdR4', '1997-10-22', NULL, '110.54.208.167', 'inactive', 'user', '09177726950', NULL, '', 'August 21, 2019 06:08:55 PM', 'OH756', 'e10adc3949ba59abbe56e057f20f883e', 0, 0),
(360, 'Navarro', '1cff9725c3dfeae14489404e93e6a4e8', 'Chester', 'Navarro', 'chesternavarro88@gmail.com', 'z5Gkn3a1jxkVK4t', '1977-06-01', NULL, '49.148.203.91', 'inactive', 'user', '09178911413', NULL, '', 'August 02, 2019 05:07:12 PM', 'OH973', '1cff9725c3dfeae14489404e93e6a4e8', 0, 0),
(361, 'marilyn', 'e10adc3949ba59abbe56e057f20f883e', 'marilyn', 'navarro', 'marilyn_navarro11@yahoo.com', 'B0pQ9KpSsXqiuEw', '1977-06-01', NULL, '49.148.203.91', 'active', 'user', '09397716027', NULL, '', 'August 02, 2019 05:16:11 PM', 'OH974', 'e10adc3949ba59abbe56e057f20f883e', 0, 0),
(362, 'Shey0303', '10f64d4bb195311dee6603d8f4665309', 'Sherilyn', 'Bangcaya', 'sbangcaya@ymail.com', '125OJljMBvjhPXk', '1984-10-03', NULL, '49.144.70.240', 'active', 'user', '09171135398', '5496270040763830', '', 'August 03, 2019 03:18:10 PM', 'OH866', '10f64d4bb195311dee6603d8f4665309', 0, 0),
(363, 'kidzofgod1', '6bde6a5ba16c46d74632597b27f5f1d7', 'bienvenido ', 'tampus jr', 'bienvenidotampusjr@gmail.com', '0DKYSbkODXWYcSK', '1970-01-01', NULL, '180.190.175.204', 'inactive', 'user', '09325230262', NULL, '', 'August 03, 2019 05:19:12 PM', '', '', 0, 0),
(364, 'devarbo', '1830027747db1e1a2cb6314d31d043ed', 'Jeanseng', 'Devarbo', 'jdevarbo@yahoo.com', '1WLYw97tMESW2L9', '1981-09-22', NULL, '175.158.233.5', 'active', 'user', '09393085783', '09393085783', '', 'August 03, 2019 07:42:25 PM', '0H394', '1830027747db1e1a2cb6314d31d043ed', 0, 3),
(365, 'eaglobal', 'f663305a9356cce4c06a976b65d87b06', 'Gibb Emmanuel ', 'Abuga', 'eaglobal19@gmail.com', 'rh6mzGHLnkAG6g9', '2019-08-04', NULL, '110.54.144.81', 'inactive', 'user', '09060447573', NULL, '', 'August 04, 2019 12:19:06 AM', '', '', 0, 0),
(447, 'camilogaray', 'cc1b42a36a136525616a70bb6cfbfa4e', 'CAMILO', 'GARAY', 'garymilo2000@gmail.com', '39EkCkQZsYGA2k8', '1955-01-17', NULL, '58.69.58.235', 'inactive', 'user', '09224376706', NULL, '', 'August 21, 2019 06:25:19 PM', 'OH126', '7798fa026b66e90f11b586fef8a1b49a', 0, 0),
(367, 'kirsten123', '8dd568ef3ce55b4359635f228d1621b0', 'Kirsten Fame', 'Cubrilla', 'lovelynbernante80@gmail.com', 'aCxfh2tdrCiPNvg', '2004-04-04', NULL, '49.146.14.4', 'inactive', 'user', '09338799865', NULL, '', 'August 05, 2019 07:56:21 AM', 'OH712', '8dd568ef3ce55b4359635f228d1621b0', 0, 0),
(368, 'Joiyz07', '89c24b47049a41cb3e92c067c9463ab3', 'Mary joy', 'Beruela', 'beruela_maryjou@yahoo.com', 'm6eZEiPuM1Bwb7I', '1991-01-07', NULL, '110.54.164.173', 'inactive', 'user', '09052722505', NULL, '', 'August 05, 2019 12:04:04 PM', '0H377', '89c24b47049a41cb3e92c067c9463ab3', 0, 0),
(369, 'mics', '57ece34026b7af9194e17e4f35abc81c', 'Micah', 'Quiminales', 'mics6542@gmail.com', 'MgDFtCQ4rVLVC1j', '2001-01-12', NULL, '175.176.24.100', 'inactive', 'user', '09286063970', NULL, '', 'August 05, 2019 09:24:13 PM', '', '', 0, 0),
(370, 'kim', '30b8122707db61fcb7229f8bc99df929', 'Kim', 'Bacquero', 'kimbacquero@gmail.com', 'OyOxTBLj2OjMtew', '1972-10-28', NULL, '49.149.102.219', 'inactive', 'user', '09985494749', '', '', 'August 05, 2019 09:33:48 PM', 'OH178', '30b8122707db61fcb7229f8bc99df929', 0, 0),
(371, 'Amypajal', 'ccc272c180cbf477a6c72367e00d5341', 'Amy jelly', 'Pajal', 'amyjelly1975@gmail.com', 'fVlOGqyJvytFwuc', '1975-05-28', NULL, '110.54.143.75', 'inactive', 'user', '09108063498', '', '', 'August 06, 2019 09:42:50 AM', 'Oh145', 'd96de4f4cdeeac24293eca525f3aa455', 0, 0),
(372, 'Bayoiiyoii', '38a00fe103a9c9c338af98de5493a8a1', 'Erol', 'Castillano', 'erolcastillano1995@gmail.com', 'vFfe6OZu6zo4tCp', '1995-06-25', NULL, '110.54.214.108', 'active', 'user', '09454481225', '09156224343', '', 'August 06, 2019 09:57:37 AM', 'Oh146', '38a00fe103a9c9c338af98de5493a8a1', 0, 0),
(373, 'anarosa65', 'dd1f24a64b845501c958ddb3314964e2', 'ANALYN', 'ROSALES', 'arosales.1965@gmail.com', 'mN6giBARAbduRyk', '1965-01-20', NULL, '110.54.141.160', 'inactive', 'user', '09455492369', '5496 2700 4076 3939', '', 'August 06, 2019 07:58:13 PM', 'OH320', 'dd1f24a64b845501c958ddb3314964e2', 0, 0),
(374, 'evasolis', 'db2906af349087e7bffb7a0ea8fb1ecf', 'Eva', 'Solis', 'kprsolis@gmail.com', '3mJPOusZkzshB22', '1968-03-31', NULL, '112.198.75.43', 'active', 'user', '09395151506', '09159548166', '', 'August 09, 2019 05:38:31 PM', 'OH1059', 'db2906af349087e7bffb7a0ea8fb1ecf', 0, 0),
(375, 'tayam', '0a4d4ee71988e4d737f5bceb198ded5f', 'MARIA JOAN', 'Tayam', 'ellessen471@gmail.com', '2bqikntwF9Sqj5o', '1990-07-29', NULL, '31.167.64.146', 'inactive', 'user', '09476230870', NULL, '', 'August 10, 2019 01:50:53 AM', '', '', 0, 0),
(376, 'jomidasma', '5858ea228cc2edf88721699b2c8638e5', 'John Michael', 'Dasmarinas', 'jomidasma@gmail.com', 'kzhbcAdZQGYizso', '1981-12-02', NULL, '112.200.18.37', 'inactive', 'user', '09985759981', NULL, '', 'August 10, 2019 02:07:16 AM', 'OH1035', '5858ea228cc2edf88721699b2c8638e5', 0, 0),
(377, 'bernadette95', '0ca16036a9a86ad5fc2f64fddff65f15', 'Bernadette', 'Vargas', 'vargasbernadette95@gmail.com', 'Zcyu5B2Zz4QP8L3', '1995-11-26', NULL, '124.104.232.201', 'inactive', 'user', '09661604832', NULL, '', 'August 10, 2019 03:24:14 AM', 'OH1033', '0ca16036a9a86ad5fc2f64fddff65f15', 0, 0),
(378, 'Claud01', '25d55ad283aa400af464c76d713c07ad', 'Jellena Claudina', 'Miguel', 'kcaldrickmiguel192628@gmail.com', 'R8A35CqqRUq0MoB', '1986-06-28', NULL, '175.176.24.166', 'inactive', 'user', '09195732820', '', '', 'August 10, 2019 05:21:24 AM', 'OH977', '25d55ad283aa400af464c76d713c07ad', 0, 0),
(379, 'Kenatienza01', '43886ccf7fc3d268d2b377c31bf7bc75', 'Kenneth', 'Atienza', 'atienzaken29@gmail.com', 'QkKgeKkSLV1zUsI', '1995-07-31', NULL, '130.105.243.144', 'inactive', 'user', '09356278700', '09175102749', '', 'August 10, 2019 06:56:21 AM', 'OH1036', '43886ccf7fc3d268d2b377c31bf7bc75', 0, 0),
(380, 'neithdeheart', 'dec836baf7fe7c3bd040d0135fb1ce83', 'Nathaniel', 'Naquines', 'neithdequin@gmail.com', '4FAnhiv1RpHpbQi', '1989-11-09', NULL, '49.144.139.13', 'inactive', 'user', '09504925555', NULL, '', 'August 10, 2019 11:10:43 AM', '', '', 0, 0),
(381, 'Len', '02d772bac9c9631118b7609b6da74a19', 'Rodelyn', 'Badua', 'rodelynbadua@gmail.com', 'PCRXg4KwtzWLroj', '1990-04-28', NULL, '119.95.96.7', 'active', 'user', '09367283124', '', '', 'August 10, 2019 08:57:59 PM', 'OH755', '02d772bac9c9631118b7609b6da74a19', 0, 0),
(382, 'Trick', '3034539b1863f94dda522e9ccb844dca', 'Patrick', 'Hernandez', 'patrickhernandez15@gmail.com', '404Rag9CJC6m6fW', '1991-05-15', NULL, '119.95.96.7', 'active', 'user', '09354388661', '', '', 'August 10, 2019 09:07:26 PM', 'OH801', '3034539b1863f94dda522e9ccb844dca', 0, 0),
(383, 'Mechel', '8c8696c099462bf9036d77e6326962df', 'Mechel', 'Orcelino', 'merieljoshian@gmail.com', 'V8rbbsQqEQBcD3F', '1979-05-01', NULL, '110.54.160.130', 'inactive', 'user', '09269182577', NULL, '', 'August 11, 2019 02:15:52 PM', 'OH1073', '8c8696c099462bf9036d77e6326962df', 0, 0),
(384, 'DONA23', '2467d3744600858cc9026d5ac6005305', 'BERNADETTE', 'OñA', 'bhabyona@gmail.com', 'gLQA3nkBAzVuzcd', '1983-05-23', NULL, '49.147.230.29', 'inactive', 'user', '09277441343', NULL, '', 'August 11, 2019 04:07:35 PM', '', '', 0, 0),
(385, 'Margfd', '1c796d5ed755ece9ae35b8bab9c901b5', 'Margie', 'Dolocanog', 'margfd25.mf@gmail.com', 'briQYrDkdFLOQ0I', '1989-04-13', NULL, '51.253.201.2', 'inactive', 'user', '09058715301', '09058715301', '', 'August 11, 2019 05:30:12 PM', 'OH1052', '1c796d5ed755ece9ae35b8bab9c901b5', 0, 0),
(386, 'Rosalooc', '51e05fbe99d6bc9662826aecaddbf08b', 'Rosalinda', 'Looc', 'rosalindalooc1972@gmail.com', 'CY8tNbPkOMdJMvf', '1972-01-11', NULL, '110.54.229.123', 'active', 'user', '09661783107', '09661783107', '', 'August 12, 2019 10:31:27 AM', 'Oh987', '51e05fbe99d6bc9662826aecaddbf08b', 0, 0),
(387, 'verna1956', 'e10adc3949ba59abbe56e057f20f883e', 'Verna', 'De Vera', 'vernadevear@yahoo.com', 'j0xWkSCzNPJhUHv', '1956-02-21', NULL, '49.148.170.6', 'active', 'user', '09177149555', NULL, '', 'August 12, 2019 03:25:09 PM', 'OH967', 'e10adc3949ba59abbe56e057f20f883e', 0, 0),
(388, 'cecille', 'e10adc3949ba59abbe56e057f20f883e', 'cecelia', 'cabello', 'cilcabz@yahoo.com.ph', 'W33J9RFeOMbm8tw', '1973-02-16', NULL, '49.148.170.6', 'active', 'user', '09265793759', NULL, '', 'August 12, 2019 05:17:18 PM', 'OH674', 'e10adc3949ba59abbe56e057f20f883e', 0, 0),
(389, 'Mikkayagi', 'c9ea6e25e79377dc1b80bc0b161e5190', 'Evelyn', 'Gementiza', 'akirasachiko28@yahoo.com', 'Hby1LCDPesI3GFf', '1963-12-05', NULL, '175.176.83.80', 'inactive', 'user', '09565282098', '09565282098', '', 'August 12, 2019 05:42:13 PM', 'OH157', 'f47d291f255f1433cf70af053d57a8e0', 0, 0),
(390, 'gerrie8', 'c5985d2078c26a6740014b406e967afc', 'Geraldina', 'Soguilon', 'geraldina8@yahoo.com', 'scliPHfCF5d0OL5', '1964-03-29', NULL, '49.148.170.6', 'active', 'user', '09189081656', NULL, '', 'August 12, 2019 06:05:24 PM', 'OH1026', 'c5985d2078c26a6740014b406e967afc', 0, 0),
(391, 'WinTess', '9e01ad5f3bfdde93a5b22e5ad8f0eea4', 'Erwin', 'Jayoma', 'winjayoma@gmail.com', 'Gwpkj8ErCFyoziO', '1970-11-15', NULL, '110.54.237.32', 'inactive', 'user', '09127656496', NULL, '', 'August 12, 2019 06:50:34 PM', '', '', 0, 0),
(392, 'Mahai99', 'e10adc3949ba59abbe56e057f20f883e', 'Monina', 'Malaza', 'babyesamaila@yahoo.com', 'clhL9lhHWHd2TKs', '1959-06-09', NULL, '196.157.75.227', 'active', 'user', '09159668651', '', '', 'August 12, 2019 07:11:31 PM', 'OH978', 'e10adc3949ba59abbe56e057f20f883e', 0, 0),
(393, 'bongcris', 'e4921ed32f4b09239416a6d6ce0e99d8', 'Christine Joy ', 'Del Rosario', 'cristinardelrosario@gmail.com', 'Dmx9veXSFlysQEW', '1996-12-11', NULL, '49.130.131.17', 'active', 'user', '09174712316', '', '', 'August 12, 2019 07:51:11 PM', 'OH992', 'e10adc3949ba59abbe56e057f20f883e', 0, 0),
(394, 'Rodora01', 'd3ae563420bab0402df05edb4a76c688', 'Rodora', 'Sotillo', 'sotillorodora2883@gmail.com', 'wf982NN9noLWxnr', '1983-03-28', NULL, '122.53.168.35', 'inactive', 'user', '09085430155', '', '', 'August 12, 2019 07:59:37 PM', 'OH1075', 'd3ae563420bab0402df05edb4a76c688', 0, 0),
(395, 'merlynceulemans', 'e10adc3949ba59abbe56e057f20f883e', 'MERLYN', 'MORABE', 'merlyn.morabe@gmail.com', 'YBCbjq7SQ4B4Nzp', '1969-05-30', NULL, '110.54.164.104', 'active', 'user', '09565507296', '', '', 'August 12, 2019 08:02:56 PM', 'OH791', 'e10adc3949ba59abbe56e057f20f883e', 0, 0),
(396, 'cha01cha', '24c0d27fc11bd1500c54be6b1f1ee50b', 'Richard', 'Sorrosa', 'cha25lei@gmail.com', 'XnfrWCnZMTSiX6H', '1980-06-01', NULL, '110.54.232.22', 'inactive', 'user', '09957699126', NULL, '', 'August 12, 2019 08:29:08 PM', '', '', 0, 0),
(397, 'mara', '35119e48091956b9228f208ec6f21b9e', 'Maria Lourdes', 'Trevenio', 'marialourdestrevenio@gmail.com', 'UpNO9rcQyy43XbT', '1979-05-04', NULL, '156.194.167.51', 'inactive', 'user', '09273936743', '', '', 'August 12, 2019 09:01:39 PM', 'OH1005', 'e10adc3949ba59abbe56e057f20f883e', 0, 2),
(398, 'nel0314', 'e9e37fa775c8fdafafc4b8fc7fd23db8', 'ronel', 'cabel', 'roncabel1405@gmail.com', 'GDM89CkCwPuXkRZ', '1987-03-14', NULL, '2.88.161.194', 'inactive', 'user', '09102687085', NULL, '', 'August 12, 2019 09:18:58 PM', '', '', 0, 0),
(399, 'lourdes09', '9e130073fa2fa30b1cfdf01b83c73b26', 'lourdes', 'cabel', 'lourdes_cabel@yahoo.com', 'wTxT1xYXOCQlZP4', '1969-09-13', NULL, '2.88.161.194', 'active', 'user', '09102687085', NULL, '', 'August 12, 2019 09:37:58 PM', 'OH562', '9e130073fa2fa30b1cfdf01b83c73b26', 0, 0),
(400, 'Archfear', '548765e3408a49ac8a5207d60e2b6574', 'Ian Thaddeu', 'Dela Cerna', 'ianthaddeu.delacerna@deped.gov.ph', 'jwnD5dIVe6MAL8S', '1982-11-15', NULL, '110.54.209.124', 'inactive', 'user', '09777770977', NULL, '', 'August 12, 2019 10:44:50 PM', 'OH943', '548765e3408a49ac8a5207d60e2b6574', 0, 0),
(401, 'akosiyaying', 'e10adc3949ba59abbe56e057f20f883e', 'Cyrell', 'Rodriguez', 'akosiyaying6787@gmail.com', 'OvgxY1HsHCpzbcx', '1987-06-07', NULL, '175.158.209.92', 'inactive', 'user', '09506863966', '', '', 'August 13, 2019 06:42:05 AM', 'OH993', 'e10adc3949ba59abbe56e057f20f883e', 0, 3),
(402, 'lorifemalinao', 'fff321452565e0610728172d11a095f1', 'Lorife', 'Malinao', 'mlorife@yahoo.com', 'RKPvT00O4JWVdg6', '1974-03-30', NULL, '110.54.215.22', 'active', 'user', '09175193486', NULL, '', 'August 13, 2019 08:52:05 AM', 'OH882', 'fff321452565e0610728172d11a095f1', 0, 0),
(403, 'dschua0808', '304106f1dcdea0840c5fb2272f6f41fa', 'Darlene', 'Chua', 'dschua@gmail.com', '68XLOv6oQSuo1gG', '1976-04-23', NULL, '110.54.215.22', 'active', 'user', '09173212870', NULL, '', 'August 13, 2019 08:58:42 AM', 'OH883', '304106f1dcdea0840c5fb2272f6f41fa', 0, 0),
(404, 'ShirlyOr', '54e34e91052a187c4d514849193de980', 'Shirly', 'Oroceo', 'madimontFD@yahoo.com', 'wUIt9NOrVjDvKDx', '1963-03-17', NULL, '110.54.250.189', 'inactive', 'user', '09453513738', NULL, '', 'August 13, 2019 01:49:56 PM', '', '', 0, 0),
(405, 'leimartmaguyon', 'aa63cc47eb0943167df1390ff1940a6b', 'Leimart', 'Maguyon', 'leimart.maguyon@gmail.com', 'NFQZirfttzM7dky', '1991-10-27', NULL, '160.20.41.157', 'active', 'user', '09959510571', '09950380069', '', 'August 13, 2019 07:23:14 PM', 'OH1089', 'aa63cc47eb0943167df1390ff1940a6b', 0, 0),
(406, 'imierey01', 'e99a18c428cb38d5f260853678922e03', 'REY', 'ESTILLORE', 'reygestillore1985@gmail.com', 'hHq1DSWCMdhOXrb', '1985-02-28', NULL, '110.54.149.60', 'inactive', 'user', '09065924982', NULL, '', 'August 13, 2019 08:03:54 PM', '', '', 0, 0),
(407, 'Serwel19', 'e10adc3949ba59abbe56e057f20f883e', 'Serwel', 'Dogelio', 'jeridario@gmail.com', 'F4jkJG6uRJ631dw', '1990-10-01', NULL, '180.191.155.242', 'inactive', 'user', '09079139968', '', '', 'August 13, 2019 10:12:23 PM', 'OH1021', 'e10adc3949ba59abbe56e057f20f883e', 0, 0),
(408, 'alden', 'f1aaa61f2baed1cdc914b2a120b12142', 'alden', 'aurillo', 'a_aurillo@yahoo.com', 'p7Ne3MkpZMKTqBo', '0000-00-00', NULL, '49.146.14.77', 'inactive', 'user', '09429569853', NULL, '', 'August 14, 2019 10:37:04 AM', '', '', 0, 0),
(409, 'jazdet', 'e10adc3949ba59abbe56e057f20f883e', 'JUDITH', 'DIZON', 'jazdet@yahoo.com', 'HlpNo7J4rdcdg6M', '1980-10-15', NULL, '180.191.238.48', 'inactive', 'user', '09092837808', '', '', 'August 14, 2019 11:18:44 AM', 'OH997', 'e10adc3949ba59abbe56e057f20f883e', 0, 0),
(410, 'Loierd', '4b650541f606f2d8ba97c3899fddba26', 'LOIE', 'IWAY', 'Stitch_3107@yahoo.com', 'l1Es8vBvtqAEqVu', '1986-10-06', NULL, '180.190.182.106', 'inactive', 'user', '09236345815', NULL, '', 'August 14, 2019 12:51:26 PM', 'OH1008', '4b650541f606f2d8ba97c3899fddba26', 0, 3),
(411, 'dluyao76', 'a3ed738a133395cc4b2c822583cd2db0', 'Dante', 'Luyao', 'Dluyao76@gmail.com', 'E505SZeSEQmXY6V', '1976-04-10', NULL, '180.190.167.207', 'inactive', 'user', '09561387543', NULL, '', 'August 14, 2019 12:58:56 PM', 'OH1010', 'a3ed738a133395cc4b2c822583cd2db0', 0, 0),
(412, 'Payus92', 'd0b0b9931b3726c1ca198e7e5e0424ef', 'Jelius', 'Jainar', 'jainarjelius@gmail.com', '2oS545bhqnchbPK', '1992-09-09', NULL, '175.158.225.247', 'inactive', 'user', '09224011696', '', '', 'August 14, 2019 01:02:42 PM', 'OH1007', 'd0b0b9931b3726c1ca198e7e5e0424ef', 0, 0),
(413, 'elvzgabales', 'a70f61496a8510336f1369beb068cf89', 'Elverio', 'Gabales', 'Elverio.gabales001@deped.gov.ph', 'gWDXUoALoFVZ2Z7', '1973-08-24', NULL, '180.190.167.207', 'inactive', 'user', '09331488086', NULL, '', 'August 14, 2019 01:03:07 PM', '', '', 0, 0),
(414, 'danrey5810', 'bfb0496e76b836a278afb43c5120d4cb', 'Daniel', 'Reyes', 'DANIEL.REYES01@deped.gov.ph', 'i6TzW3cp4MJ9R0Y', '1989-05-05', NULL, '180.190.182.197', 'inactive', 'user', '09186090266', '09970885944', '', 'August 14, 2019 01:52:16 PM', 'OH1044', 'bfb0496e76b836a278afb43c5120d4cb', 0, 0),
(415, 'zhusefo', '7c36dd5c3bbc17f8830309b6d7e78c28', 'Joseph', 'Sinoy', 'Bhadzsinjosh1@gmail.com', 'IhJ0T9ifo3N9nbg', '1990-09-24', NULL, '175.176.66.29', 'inactive', 'user', '09236175701', NULL, '', 'August 14, 2019 02:01:26 PM', 'OH1058', '7c36dd5c3bbc17f8830309b6d7e78c28', 0, 0),
(416, 'nikkatabar24', 'b9f43a5134bca18ead7266f94c4da673', 'Nikka', 'Tabar', 'Nikkatabar1@gmail.com', 'TUWlrZtQmYKtRYb', '1992-09-24', NULL, '175.158.225.80', 'inactive', 'user', '09420917546', NULL, '', 'August 14, 2019 07:00:14 PM', 'OH1067', 'b9f43a5134bca18ead7266f94c4da673', 0, 0),
(417, 'Sharbie', '4b6ae58a11755c195d21e6d4b27e33cc', 'Sharbie', 'Micutuan', 'Micutuansharbie31@gmail.com', 'QxjmS2U46cl55Tn', '1996-10-25', NULL, '110.54.146.31', 'inactive', 'user', '09266687360', '09266687360', '', 'August 15, 2019 03:07:30 PM', 'OH327', '4b6ae58a11755c195d21e6d4b27e33cc', 0, 2),
(431, 'josephus', '5f945dea2d0332655211b054a724413c', 'josephus', 'timtim', 'timtimjosephus@gmail.com', 'snI0wODqpcLK1P2', '1989-09-09', NULL, '110.54.202.129', 'inactive', 'user', '09368572940', NULL, '', 'August 18, 2019 01:41:41 PM', 'OH1118', '5f945dea2d0332655211b054a724413c', 0, 0),
(430, 'hazelganda', 'e10adc3949ba59abbe56e057f20f883e', 'Hazel', 'Yongco', 'hazelbyongco13@gmail.com', '864sps6NG96RHeE', '1987-01-13', NULL, '210.213.196.194', 'inactive', 'user', '09489305955', NULL, '', 'August 18, 2019 12:07:38 AM', '', '', 0, 0),
(429, 'Liliaapale', '65a47f734cea7b148d440b38240a30f9', 'Lilia', 'Malabarbas', 'lalayapale45@gmail.com', 'Jv7WLHHFUL2i3XU', '1969-01-30', NULL, '180.190.78.42', 'inactive', 'user', '09053128278', NULL, '', 'August 17, 2019 10:06:47 PM', 'OH1022', '65a47f734cea7b148d440b38240a30f9', 0, 0),
(428, 'Bugzvin', '8b75d825db67c2cb8afcf3cfdb2fe0e3', 'Melvin', 'Bacalla', 'bugzvin28fionakhaye@gmail.com', 'Ei4v3QmpWaJjQW9', '1982-04-28', NULL, '122.55.219.107', 'inactive', 'user', '09286646213', NULL, '', 'August 17, 2019 09:42:42 PM', 'OH1095', '8b75d825db67c2cb8afcf3cfdb2fe0e3', 0, 0),
(427, 'vbanasing', '71eb4a6c476caef18ca1c2b5342f357a', 'Van Luey', 'Banasing', 'vbanasing@gmail.com', 'yH58fXHTE1loWLe', '1990-08-10', NULL, '122.55.219.107', 'inactive', 'user', '09325369126', NULL, '', 'August 17, 2019 09:39:00 PM', 'OH1032', 'a4a80f72f5a2b0e37f4cc4986d077de4', 0, 0),
(426, 'joseiris171', 'e10adc3949ba59abbe56e057f20f883e', 'Iris', 'Jose', 'joseiris17@yahoo.com', '4QAv1oDHbhT2otD', '1987-06-29', NULL, '210.213.196.194', 'inactive', 'user', '09988590898', NULL, '', 'August 17, 2019 09:17:13 PM', '', '', 0, 0),
(425, 'gerrybels', 'dc7e266f5dba60bd78bf68b43032d875', 'Gerardo', 'Beltran', 'gerrybels@gmail.com', 'YC4Ud7iqxYMkaTy', '1967-09-06', NULL, '110.54.244.135', 'inactive', 'user', '09171224153', NULL, '', 'August 17, 2019 03:16:16 PM', 'OH1043', 'dc7e266f5dba60bd78bf68b43032d875', 0, 0),
(432, 'lenarie20', '6d3877c23b697d094ca47aa8c58c7121', 'Lenarie', 'Sumbilla', 'lenariequinto31@gmail.com', 'Ag6WtOsRQwz1vdp', '1983-09-20', NULL, '203.177.23.220', 'active', 'user', '09212516102', '5496 2700 4076 3699', '', 'August 18, 2019 09:58:07 PM', '0H996', 'cbb9eff3bf9fd5ecb95b751f3aed4dec', 0, 0),
(433, 'sydriboy', 'ff05892bef63e41473d04dd3a4728563', 'Nestor', 'Bastareche', 'nbastareche@gmail.com', 'utqpJC7eijIQSOe', '1961-02-26', NULL, '49.146.40.92', 'active', 'user', '09173054056', '09950379955', '', 'August 19, 2019 04:27:33 AM', 'OH517', 'ff05892bef63e41473d04dd3a4728563', 0, 0),
(434, 'Lin1423', '0535db92912a4a69db3c38f4b4dbff2e', 'Roselyn', 'Parcon', 'rgd.parcon@gmail.com', 'QLVxS5877fVjrvk', '1973-03-02', NULL, '110.54.236.157', 'inactive', 'user', '09277719986', NULL, '', 'August 19, 2019 07:28:39 AM', 'OH580', '0535db92912a4a69db3c38f4b4dbff2e', 0, 0),
(435, 'AllanBaligcasan', 'e35beb2184762438474734a9e8cca58d', 'Allan', 'Baligcasan', 'AllanBaligcasan12344@yahoo.com', 'OydqVudYLfMVp6l', '1976-06-21', NULL, '49.146.18.158', 'inactive', 'user', '09395767125', NULL, '', 'August 19, 2019 08:37:31 AM', 'OH890', 'e35beb2184762438474734a9e8cca58d', 0, 0),
(436, 'mecaride', 'bd871b440aa9ed1f8fa67d7a3f76cf78', 'MECARI ', 'DE ERIO', 'deeriomecari4@gmail.com', 'onzXKQs42N2gQ5j', '1954-11-28', NULL, '49.147.194.100', 'inactive', 'user', '09324191237', NULL, '', 'August 19, 2019 08:50:21 AM', '', '', 0, 0),
(437, 'Imeldabaligcasan', '0102f96455e6da9c863dab03aa4ff10d', 'Imelda', 'Baligcasan', 'baligcasanimelda@gmail.com', 'mOBvebpYR0xLjik', '1970-04-12', NULL, '49.146.18.158', 'inactive', 'user', '09051863351', NULL, '', 'August 19, 2019 08:55:39 AM', 'OH901', '0102f96455e6da9c863dab03aa4ff10d', 0, 0),
(438, 'liza1970', 'e10adc3949ba59abbe56e057f20f883e', 'Liza', 'Baradas', 'lizapbaradas@gmail.com', 'Y02WbssYffNOs2X', '1970-05-12', NULL, '49.148.222.83', 'inactive', 'user', '09298687945', NULL, '', 'August 19, 2019 10:39:35 AM', 'OH1090', 'e10adc3949ba59abbe56e057f20f883e', 0, 0),
(439, 'mjsomblingo', 'c9092107829326676f709b28859ab86c', 'Mar Joseph', 'Somblingo', 'mjsomblingo@gmail.com', 'jx9baeK9c4avK2F', '1994-07-19', NULL, '49.148.222.83', 'inactive', 'user', '09389178535', NULL, '', 'August 19, 2019 10:45:50 AM', 'OH1092', 'e4921ed32f4b09239416a6d6ce0e99d8', 0, 0),
(440, 'rossa853', '70d78fe069849d48082e3669869c9775', 'Rosalie', 'Somblingo', 'rdsomblingo17@gmail.com', 'KtkiKxAucsjxnwB', '1962-01-17', NULL, '49.148.222.83', 'inactive', 'user', '09389178536', NULL, '', 'August 19, 2019 10:57:56 AM', 'OH1103', '70d78fe069849d48082e3669869c9775', 0, 0),
(441, 'joobin1970', 'e10adc3949ba59abbe56e057f20f883e', 'Joobin', 'Baradas', 'joobin1970@gmail.com', 'ZuXdj2W1Cth7fsX', '1970-03-26', NULL, '49.148.222.83', 'active', 'user', '09465439632', NULL, '', 'August 19, 2019 11:03:32 AM', 'OH1104', 'e10adc3949ba59abbe56e057f20f883e', 0, 0),
(442, 'Mercedeslendio', 'e10adc3949ba59abbe56e057f20f883e', 'MERCEDES', 'LENDIO', 'mercedeslendio@gmail.com', 'bIr6prG9obR8o1p', '1974-01-30', NULL, '110.54.242.153', 'inactive', 'user', '09306813347', NULL, '', 'August 19, 2019 11:47:34 AM', 'OH1143', 'e10adc3949ba59abbe56e057f20f883e', 0, 0),
(443, 'jesusamunoz', 'e10adc3949ba59abbe56e057f20f883e', 'JESUSA', 'MUÑOZ', 'jingmunoz@gmail.com', '9XcCIAEsikuLLvW', '1971-12-25', NULL, '110.54.206.216', 'inactive', 'user', '09487899432', NULL, '', 'August 19, 2019 05:55:35 PM', '', '', 0, 0),
(554, 'Blazingphoenix', 'd8046725608eb5a126b1cf985f4354df', 'Stephen', 'Loyola', 'tipen2@yahoo.com', '2h4tvRBHOIXNqUr', '1979-02-16', NULL, '49.148.174.142', 'inactive', 'user', '09106556658', NULL, '', 'September 19, 2019 05:50:08 PM', 'Oh671', 'd8046725608eb5a126b1cf985f4354df', 0, 0),
(445, 'Babyrhab', '959c9730489545faaada4e949b7b4842', 'Ana Lina', 'Bayocboc', 'honhurt_rose@yahoo.com', 'Lotz9GAgg9CksMc', '1978-04-23', NULL, '49.148.228.140', 'active', 'user', '09224241718', NULL, '', 'August 20, 2019 03:19:36 PM', 'OH805', '959c9730489545faaada4e949b7b4842', 0, 0),
(465, 'bongshboy01', '140ecfc5a091891ab5b2e5871a64e89c', 'Jireh Cres', 'Olayvar', 'olayvarjireh@gmail.com', 'NFQN7nvtC8cLjbv', '1981-09-01', NULL, '222.127.118.230', 'inactive', 'user', '09429626292', NULL, '', 'August 26, 2019 02:22:01 PM', 'OH82', '140ecfc5a091891ab5b2e5871a64e89c', 0, 2),
(466, 'taweng', 'e4921ed32f4b09239416a6d6ce0e99d8', 'Jovenil', 'Cabalo', 'joelcabalo2265@gmail.com', 'pXfq9iSQPgHCTTF', '1965-06-22', NULL, '110.54.231.209', 'inactive', 'user', '09219346790', NULL, '', 'August 26, 2019 02:36:58 PM', 'OH867', 'e4921ed32f4b09239416a6d6ce0e99d8', 0, 0),
(467, 'bobmoney', 'e6d0bbfcedce9d08f415a5657a9932ee', 'Cres', 'Olayvar', 'bobby.olayvar@gmail.com', 'UobyAY3Box61NnA', '1983-03-16', NULL, '222.127.118.230', 'inactive', 'user', '09175446819', NULL, '', 'August 26, 2019 02:49:31 PM', '', '', 0, 0),
(468, 'zsozse68999', 'abfd1f00c269f0e240ceed8b1c9b318f', 'Ethyl Gay', 'Olayvar', 'zso.olayvar@gmail.com', 'AYZv5nUDm5GpWkI', '1982-02-01', NULL, '110.54.226.140', 'active', 'user', '09177959728', NULL, '', 'August 26, 2019 03:13:00 PM', 'OH638', 'abfd1f00c269f0e240ceed8b1c9b318f', 0, 0),
(469, 'angelogaray', 'cc1b42a36a136525616a70bb6cfbfa4e', 'Mel Angelo', 'Garay', 'mel_angelo_14@yahoo.com', 'Sassd19q9UE1zqj', '1990-12-14', NULL, '122.52.138.232', 'inactive', 'user', '09235627853', NULL, '', 'August 26, 2019 06:24:21 PM', '1172', '7798fa026b66e90f11b586fef8a1b49a', 0, 2),
(470, 'fnidoy2', '828708522c6be07a0e15bd9dfea8276b', 'Feliciano Jr', 'Nidoy', 'fnidoy2@gmail.com', 'hAvzOGqyZdIJeNV', '1952-11-07', NULL, '112.206.40.78', 'inactive', 'user', '09227817968', NULL, '', 'August 26, 2019 07:01:57 PM', '', '', 0, 0),
(471, 'Irishjean', 'ef1466c5f9b247770914ade5a710e532', 'Irish jean', 'Micutuan', 'irishmicutuan@yahoo.com', 'j3eXe7NCnChScSd', '1996-10-07', NULL, '175.158.225.55', 'inactive', 'user', '09486609816', '09486609816', '', 'August 26, 2019 07:28:40 PM', '', '', 0, 0),
(505, 'cyanosis', '6ad33161c6d0977c58df6d8b695a6f64', 'June Graciano', 'Garganera', 'secretofgrateness@yahoo.com', 'rpjwslREi4reZMY', '1987-06-11', NULL, '112.199.108.90', 'inactive', 'user', '09152839549', NULL, '', 'September 05, 2019 06:25:03 AM', 'OH1155', '6ad33161c6d0977c58df6d8b695a6f64', 0, 0),
(472, 'efrent', 'd5c5942deb64c423285504036de2f105', 'Efren', 'Torres', 'efrentorres1956@gmail.com', 'vJFI79Wnox0Izmo', '1955-06-18', NULL, '49.145.252.4', 'inactive', 'user', '09753304832', NULL, '', 'August 27, 2019 02:29:38 PM', 'OH721', 'd5c5942deb64c423285504036de2f105', 0, 0),
(473, 'Elrichjr2', '4f80dfe191958eeefce3d3bd5c993a9c', 'Eligar', 'Pangilinan', 'eligarpangilinan@gmail.com', 'Vsm1C0Pzzs8i7TJ', '1970-04-18', NULL, '180.190.182.174', 'inactive', 'user', '09177093930', NULL, '', 'August 27, 2019 03:36:43 PM', 'OH661', '4f80dfe191958eeefce3d3bd5c993a9c', 0, 0),
(474, 'cherry', 'd2d1ff1d169ea49a4a9ee3271171a16c', 'Cherry', 'Ngalatan', 'cherry123@yahoo.com', 'CZnEG9A8gn9zWhn', '1972-01-15', NULL, '49.145.252.4', 'inactive', 'user', '09480034844', NULL, '', 'August 27, 2019 04:26:44 PM', 'OH1190', 'd2d1ff1d169ea49a4a9ee3271171a16c', 0, 0),
(475, 'Josheart85', '7f0d0f3c97c96e1f87d3b28aea3b204e', 'Joselito', 'Juliata', 'reymanalac438@yahoo.com.ph', 'eX0PZXudmdtLOQk', '1985-12-30', NULL, '175.176.85.109', 'inactive', 'user', '09078490467', NULL, '', 'August 27, 2019 07:45:33 PM', '', '', 0, 0),
(476, 'farouq', 'e10adc3949ba59abbe56e057f20f883e', 'Qathafi', 'Farouq', 'qathafifarouq@gmail.com', 'phXHsQtCOIYjUFe', '1980-12-25', NULL, '49.148.172.122', 'inactive', 'user', '09104316812', NULL, '', 'August 28, 2019 10:22:04 AM', 'OH293', 'e10adc3949ba59abbe56e057f20f883e', 0, 0),
(477, 'jarir16', 'e10adc3949ba59abbe56e057f20f883e', 'Jarir', 'Abdulmalik', 'jarir123@gmail.com', 'tT6oiVLlcptSOv5', '1993-05-16', NULL, '49.148.172.122', 'active', 'user', '09480879401', NULL, '', 'August 28, 2019 10:32:20 AM', 'oh295', 'e10adc3949ba59abbe56e057f20f883e', 0, 0),
(478, 'rihan00', 'e10adc3949ba59abbe56e057f20f883e', 'Rihan', 'Abdulrahim', 'rihanabdulrahim@gmail.com', 'MoH60TRRkcqsTSF', '1994-12-16', NULL, '49.148.172.122', 'inactive', 'user', '09393137599', NULL, '', 'August 28, 2019 10:40:46 AM', 'OH294', '91d8f7c813f0cf54c569697293579275', 0, 0),
(479, 'Jimboy', 'ae5559a01e8a9aa51d2dff850a755c18', 'Jimmy', 'Ngilay', 'jimmyngilay@gmail.com', 'fjQgqx9YddifC4H', '2019-08-11', NULL, '175.176.88.25', 'inactive', 'user', '09396048491', NULL, '', 'August 28, 2019 10:53:57 AM', 'OH647', 'ae5559a01e8a9aa51d2dff850a755c18', 0, 0),
(480, 'Rose42', '4f80dfe191958eeefce3d3bd5c993a9c', 'Rosalie', 'Pangilinan', 'elixiesfrencesjoy@gmail.com', 'ooZ6a3ycEGLkBpq', '1976-09-22', NULL, '110.54.201.177', 'inactive', 'user', '09424643748', NULL, '', 'August 28, 2019 12:12:35 PM', 'OH776', '4f80dfe191958eeefce3d3bd5c993a9c', 0, 0),
(481, 'danxzap', '998224dc9a6dde7b61a2502bf68b7d5d', 'Danilo', 'Zapico', 'dani.zapico@icloud.com', 'WeGUERxTHBwRuV5', '1964-06-04', NULL, '110.54.163.199', 'inactive', 'user', '09175171906', NULL, '', 'August 28, 2019 04:01:07 PM', 'OH1201', '998224dc9a6dde7b61a2502bf68b7d5d', 0, 0),
(482, 'dynciejonb', '1ba89657f9a06bfaff963e6e77439be1', 'Dyncie Jon', 'Bacusmo', 'dynciejonb@gmail.com', 'ZckNmLRW0JQAM5E', '1984-05-01', NULL, '49.147.135.86', 'inactive', 'user', '09395143080', '09395143080', '', 'August 29, 2019 12:22:50 PM', 'OH655', '1ba89657f9a06bfaff963e6e77439be1', 0, 0),
(483, 'pbcash', 'a3c565aad3795378128c9889bd54dadf', 'Psalter Andrew', 'Bacusmo', 'psalter.bacusmo@gmail.com', 'sLC3mA02td627Qx', '1985-10-27', NULL, '49.147.135.86', 'active', 'user', '09776875157', '09950380054', '', 'August 29, 2019 12:32:52 PM', 'OH733', 'a3c565aad3795378128c9889bd54dadf', 0, 0),
(484, 'andrewb', 'a3c565aad3795378128c9889bd54dadf', 'Andrew', 'Bacusmo', 'andy_bacs@yahoo.com', 'UYc4rAcFXG0y4LE', '1959-05-08', NULL, '49.147.135.86', 'inactive', 'user', '09776875157', NULL, '', 'August 29, 2019 12:42:57 PM', 'OH1019', 'a3c565aad3795378128c9889bd54dadf', 0, 0),
(485, 'maymeb', 'a3c565aad3795378128c9889bd54dadf', 'Mayme', 'Bacusmo', 'maymebacusmo25@gmail.com', 'N12gSD7KQlCjJhN', '1958-05-25', NULL, '49.147.135.86', 'inactive', 'user', '09182641432', NULL, '', 'August 29, 2019 12:51:04 PM', 'OH1018', 'a3c565aad3795378128c9889bd54dadf', 0, 0),
(486, 'cheeney24', 'fca80eb16c2817d1dc64e4bfad38c1b0', 'Cheeney Mae', 'Bacusmo', 'cheeney24@gmail.com', 'c9YOztoajRHMGWY', '1992-09-24', NULL, '175.176.88.33', 'inactive', 'user', '09287081506', NULL, '', 'August 29, 2019 04:01:04 PM', 'OH753', 'fca80eb16c2817d1dc64e4bfad38c1b0', 0, 0),
(487, 'Jhon19', 'bc91519e1de091315a201edab7f25f0b', 'Jhon', 'Aladja', 'jhonaladja88@yahoo.com', 'bqXzBkN6ukf43XC', '1985-05-10', NULL, '101.127.74.156', 'inactive', 'user', '09169790993', NULL, '', 'August 29, 2019 09:18:33 PM', 'OH310', 'bc91519e1de091315a201edab7f25f0b', 0, 0),
(488, 'dingbadua1962', 'a8a66460e2cbd2fe9a23d460f4dc412e', 'Diosdado', 'Badua', 'diosdadobadua1962@gmail.com', '2Ofs27IlrxIaGtM', '1962-12-22', NULL, '152.32.100.80', 'active', 'user', '09666493078', '09666493078', '', 'August 30, 2019 09:46:40 PM', 'OH456', 'e10adc3949ba59abbe56e057f20f883e', 0, 0),
(489, 'katie1983', '0a4964aaeedaa6364b9ca7f6792ccf82', 'Katherine Mae', 'Tud', 'kathmaedvtud@gmail.com', 'XdFg7A8lVN2OjRm', '1983-05-22', NULL, '49.148.219.110', 'inactive', 'user', '09177149555', NULL, '', 'August 31, 2019 12:44:34 PM', 'Oh1168', '0a4964aaeedaa6364b9ca7f6792ccf82', 0, 0),
(490, 'Prettyanne', '8217686a561b7bb0928638b90ed35a7c', 'Sharee anne', 'Lagulos', 'prettyannedu3081@gmail.com', '7x1Oa6BHya2fuHV', '2019-03-20', NULL, '180.190.171.147', 'inactive', 'user', '09224081534', NULL, '', 'September 01, 2019 08:12:24 PM', '', '', 0, 0),
(491, 'zendenton', 'a6ed4c36d6e2d95ceb71a32dbd84a2a4', 'Zenaida', 'Denton', 'zddenton2017@gmail.com', '309TucB2F7f7Sjb', '1978-07-14', NULL, '49.148.146.95', 'active', 'user', '09129662490', NULL, '', 'September 02, 2019 01:23:09 PM', 'OH54', 'a6ed4c36d6e2d95ceb71a32dbd84a2a4', 0, 0),
(492, 'analyn01', '9d20231ec8221630ed513872f01f2ca4', 'analyn', 'canapit', 'analyncanapit143@gmail.com', 'J80PEAgUyOOJKUt', '1974-12-28', NULL, '175.176.93.53', 'active', 'user', '09076236820', NULL, '', 'September 02, 2019 01:38:40 PM', 'OH820', 'de13cc3ead82c147ffa8fa881b5d06fa', 0, 2),
(493, 'jbalesna', 'a0f0317bce5b222d438fab388e2a5f2b', 'Joel', 'Alesna', 'weljo2673@gmail.com', 'cP5SMfyQK8aXqHd', '1973-03-26', NULL, '49.148.146.95', 'inactive', 'user', '09175386246', NULL, '', 'September 02, 2019 05:21:33 PM', 'OH752', 'a0f0317bce5b222d438fab388e2a5f2b', 0, 0),
(494, 'jkdatago', '1f0230df746110be6bd2096a7189f6c1', 'Joel', 'Alesna', 'weljo02673@gmail.com', 'MowJkgtBK8R2Sxc', '1973-02-26', NULL, '49.148.146.95', 'inactive', 'user', '09178119565', NULL, '', 'September 02, 2019 05:42:17 PM', '', '', 0, 0),
(495, 'jorgekdatago', '4705b5ab6a118b073abc53ecc8ca3856', 'Jorge', 'Datago', 'jorgekdatago0602@gmail.com', 'fbFAZYR5BKwbFrz', '1980-06-02', NULL, '49.148.146.95', 'active', 'user', '09669843128', NULL, '', 'September 02, 2019 05:54:57 PM', 'OH757', '4705b5ab6a118b073abc53ecc8ca3856', 0, 0),
(496, 'revo12345', '48963f83c291b0f75e51bdc3dcf41185', 'Revo', 'Penaranda', 'revo.penaranda@gmail.com', 'ntvzwCvn4lAmE6s', '1980-04-29', NULL, '49.148.146.95', 'active', 'user', '09558628148', NULL, '', 'September 02, 2019 06:51:46 PM', 'OH1094', '48963f83c291b0f75e51bdc3dcf41185', 0, 0),
(497, 'Junjen', '768fcc2e4ed2a4be9fabdfcded0daf6c', 'Remegio Jr.', 'Peñaranda', 'remegiojrpenaranda@gmail.com', 'uIIw38pB1EeHxlI', '1982-07-04', NULL, '49.148.146.95', 'active', 'user', '09502564564', NULL, '', 'September 02, 2019 07:03:11 PM', 'OH1109', 'e3482953dbbee5fd1f5563678daaee45', 0, 0),
(498, 'Abby01', 'bcba31e708f7b9a7f4044374c918debc', 'Abigail', 'Aligno', 'plukabigail.aligno@gmail.com', 'bBw4hkbNm84uzyF', '1979-06-23', NULL, '110.54.203.73', 'inactive', 'user', '09557293960', NULL, '', 'September 02, 2019 10:13:04 PM', '', '', 0, 0),
(499, 'linapiatos', 'e10adc3949ba59abbe56e057f20f883e', 'Maria Lina', 'Piatos', 'malinapiatos@yahoo.com', 'BcbDVHFyffE9LYQ', '1969-07-06', NULL, '122.53.62.20', 'active', 'user', '09094671288', NULL, '', 'September 02, 2019 10:15:54 PM', 'OH267', 'e10adc3949ba59abbe56e057f20f883e', 0, 0),
(500, 'Celdon.A97', '3779bdc98b524d2ba8f13259dc406529', 'Celdon Gabriel', 'Abantao', 'Celdon_gabriel31@yahoo.com', '9OJuEkJi8qsY4kS', '1997-07-31', NULL, '124.6.182.124', 'inactive', 'user', '09123676375', NULL, '', 'September 02, 2019 11:04:08 PM', 'OH1112', '3779bdc98b524d2ba8f13259dc406529', 0, 0),
(501, 'GoydjiePai', '2222c2e9df5470e15eb27b30eed36c1a', 'Sherona', 'Ilisan', 'kyleindhauz_18@yahoo.com', 'IHc6voO2Gs3G21M', '1983-02-18', NULL, '49.149.13.23', 'inactive', 'user', '09551831795', NULL, '', 'September 03, 2019 01:43:25 PM', 'OH646', '2222c2e9df5470e15eb27b30eed36c1a', 0, 0),
(502, 'ofeliayabes', 'b4b460e01bdc08f5c42771928041b7a3', 'Ofelia', 'Yabes', 'ofeliayabes@yahoo.com', 'UH308AqVD50J3e7', '1976-06-29', NULL, '49.148.153.117', 'inactive', 'user', '09214754990', NULL, '', 'September 03, 2019 05:18:58 PM', '', '', 0, 0),
(503, 'Mjbucol', '01e44ae4f24ad276804c393c1c2c288c', 'Mary Jess', 'Bucol', 'Jhessalviar@yahoo.com', 'P8s4tiEcZjCuKRC', '1983-12-28', NULL, '49.148.151.50', 'active', 'user', '09178079194', NULL, '', 'September 04, 2019 11:08:42 AM', '', '', 0, 0),
(504, 'YONAL01', '859d5ab360320e3c1e69e22e4122551a', 'Leonardo', 'Sison', 'yonalez@yahoo.com', 'wvuIvRU8qYsIulQ', '1947-11-06', NULL, '110.54.223.251', 'inactive', 'user', '099976414252', '', '', 'September 04, 2019 04:37:10 PM', 'OH1039', '4d9bc918292c83c686f5b4d37745cdd7', 0, 0),
(506, 'Spring2019', '679875e6e71e2ccd49bc4e4994fe5829', 'Irish Spring', 'Carrera', 'irishspringtcarrera@gmail.com', 'TpVN2Ema7zTqCYW', '1993-02-27', NULL, '175.176.92.12', 'inactive', 'user', '09952267048', NULL, '', 'September 05, 2019 04:01:42 PM', 'OH1169', '679875e6e71e2ccd49bc4e4994fe5829', 0, 0),
(507, 'marytanzo08', 'a66695139f16721b0969cb09d9654d76', 'Mary angeli', 'Tanzo', 'maryangelitanzo@yahoo.com', 'aAKMkVrcVYaovb3', '1996-09-08', NULL, '175.176.91.68', 'inactive', 'user', '09198292403', NULL, '', 'September 05, 2019 04:13:35 PM', 'OH1170', 'a66695139f16721b0969cb09d9654d76', 0, 0),
(508, 'JohnDeeAnor', '9fec4caed586ac316e1be003a9c7a92d', 'John Dee', 'Anor', 'jdee0109@gmail.com', '2qAituVq3jsyFaR', '1992-09-07', NULL, '2001:4454:6aa:5500:385a:31d7:543b:2699', 'inactive', 'user', '09282687021', NULL, '', 'September 08, 2019 04:32:33 PM', '', '', 0, 0),
(509, 'Philip', 'e10adc3949ba59abbe56e057f20f883e', 'Philip Anthony', 'Echin', 'echinphilipanthony@gmail.com', 'l38THnK1aBI9JT0', '1995-09-30', NULL, '49.151.46.231', 'inactive', 'user', '09106381299', NULL, '', 'September 08, 2019 04:44:00 PM', 'OH876', 'e10adc3949ba59abbe56e057f20f883e', 0, 0),
(510, 'jamesorbeta', '2f99d680204e44be3e456eaff426a7f9', 'James daniel', 'Orbeta', 'james.orbeta@yahoo.com.ph', 'gGfUZD4WxjrP4iV', '1983-04-27', NULL, '2001:4454:6aa:5500:203b:6a32:444a:7c00', 'inactive', 'user', '09167184568', NULL, '', 'September 08, 2019 05:42:01 PM', '', '', 0, 0),
(511, 'ElsaGarcia', '1bae5fc2bac1ca6c4ffa7cc84c1848b8', 'Elsa', 'Garcia', 'acabar_cebu@yahoo.com.ph', 'RcNoKAqgkJF7TtU', '1976-11-14', NULL, '110.54.141.123', 'inactive', 'user', '09167064661', NULL, '', 'September 08, 2019 10:30:34 PM', 'OH902', '1bae5fc2bac1ca6c4ffa7cc84c1848b8', 0, 0),
(512, 'AnnaMay', '548765e3408a49ac8a5207d60e2b6574', 'Anna May', 'Dela Cerna', 'annamay.delacerna@deped.gov.ph', 'KOyK335VECqHm5B', '1983-09-29', NULL, '110.54.144.246', 'inactive', 'user', '09567121255', NULL, '', 'September 09, 2019 12:27:10 AM', 'OH1061', '548765e3408a49ac8a5207d60e2b6574', 0, 0),
(513, 'Veron1027', 'c013f7f47067f9bfb738176326ac653a', 'Veronica ', 'San Diego ', 'veronrivas@yahoo.com', 'AlBj5DJBiLqFwPH', '1966-10-27', NULL, '180.190.39.41', 'inactive', 'user', '09065280078', NULL, '', 'September 09, 2019 05:58:08 AM', '', '', 0, 0),
(514, 'musato', '25d55ad283aa400af464c76d713c07ad', 'Musato', 'Costaniera', 'monpersonalmatters@gmail.com', 'Y758EjkOEO8lJ50', '1975-09-09', NULL, '49.151.79.87', 'inactive', 'user', '09489820660', NULL, '', 'September 09, 2019 12:06:04 PM', 'OH667', '25d55ad283aa400af464c76d713c07ad', 0, 0),
(515, 'Franco042588', 'e10adc3949ba59abbe56e057f20f883e', 'Franco', 'Reyes', 'fgreyes2016@gmail.com', '5pIZYnwCQ3tuwrG', '1988-04-25', NULL, '110.54.162.64', 'inactive', 'user', '09338595551', '6277118612066921', '', 'September 09, 2019 02:19:34 PM', 'OH649', 'e10adc3949ba59abbe56e057f20f883e', 0, 0),
(516, 'mrsarco', 'e4921ed32f4b09239416a6d6ce0e99d8', 'mario', 'sarco', 'mario.sarco@yahoo.com', 'wfDSTaGjR51zomB', '1978-04-14', NULL, '110.54.145.35', 'inactive', 'user', '09055142622', '09055142622', '', 'September 09, 2019 04:39:42 PM', 'OH794', 'e4921ed32f4b09239416a6d6ce0e99d8', 0, 2),
(517, 'PISCESRovil16', '4cfc44811e69bdc3cb9f67290bb0a4d2', 'romero', 'Villarta', 'rovilpisces@gmail.com', 'JFTIA8nZxff9lEn', '1995-03-16', NULL, '49.146.11.68', 'inactive', 'user', '09957911629', NULL, '', 'September 09, 2019 04:59:28 PM', 'OH716', '4cfc44811e69bdc3cb9f67290bb0a4d2', 0, 0),
(518, 'boygonz', 'e10adc3949ba59abbe56e057f20f883e', 'Serafin', 'Gonzalez', 'boygonz@yahoo.com', 'BjWQdgGfVHt0djo', '1941-02-05', NULL, '49.151.79.87', 'inactive', 'user', '09985502737', NULL, '', 'September 09, 2019 05:36:21 PM', 'OH1221', 'e10adc3949ba59abbe56e057f20f883e', 0, 0),
(519, 'Omargrace8286', '3bbad8f79817f42ff4c473f96500ae34', 'Laarny', 'Besas', 'marygracebesas8286@gmail.com', 'BST4m1F1zHPdla7', '1992-04-27', NULL, '197.164.184.166', 'inactive', 'user', '09366610545', NULL, '', 'September 09, 2019 06:46:50 PM', 'OH1015', '3bbad8f79817f42ff4c473f96500ae34', 0, 0),
(520, 'proilan', 'ded2940acf61973d4ff44087762fc727', 'proilan', 'panganiban', 'abareconrado123@gmail.com', 'n30UmLWKVGZtV9n', '1999-12-18', NULL, '110.54.245.195', 'inactive', 'user', '09978000829', NULL, '', 'September 10, 2019 12:04:44 AM', '', '', 0, 0),
(521, 'Marche04', '91e26b78b3a610c2c74c36c2f5bfac5b', 'Maricel', 'Boco', 'charinglastimosa574@gmail.com', 'xWkfiYrQ2z6lUQL', '1994-02-10', NULL, '197.42.165.24', 'inactive', 'user', '09264085926', NULL, '', 'September 10, 2019 07:02:04 PM', '', '', 0, 0),
(522, 'nassergaibon', '4b351a6daaad9a4b193b22642aa094d1', 'Nasser', 'Gaibon', 'nassergaibon@yahoo.com', '5rKy2tEXGPaYjik', '1964-11-15', NULL, '49.148.240.160', 'inactive', 'user', '09751786223', NULL, '', 'September 11, 2019 11:34:16 AM', 'OH187', '4b351a6daaad9a4b193b22642aa094d1', 0, 0),
(523, 'leahbels', 'bb1e33d90501bb11391e875df493ad55', 'LEAH', 'BELTRAN', 'leahbels@gmail.com', 'e9UbviZsAjUIV07', '1974-12-08', NULL, '110.54.236.62', 'inactive', 'user', '09171224153', NULL, '', 'September 11, 2019 12:58:38 PM', '', '', 0, 0),
(524, 'BryanVega', 'abd72dcebfdd35caa0b78cb9b69e423c', 'Jose Bryan', 'Vega', 'josebryan.vega@gmail.com', 'K6EQYsWw2jHnqIy', '1981-09-21', NULL, '175.176.66.24', 'inactive', 'user', '09189855940', NULL, '', 'September 12, 2019 11:32:34 AM', 'OH1077', 'abd72dcebfdd35caa0b78cb9b69e423c', 0, 0),
(525, 'Raymund', '548765e3408a49ac8a5207d60e2b6574', 'Raymund', 'Dela Cerna', 'sweet23ray@gmail.com', '2PV0CZHoluiYBqB', '1985-03-11', NULL, '180.190.175.142', 'inactive', 'user', '09759733544', '', '', 'September 12, 2019 03:30:09 PM', 'OH1106', '1ee012b9e5d7d236b84d151293843908', 0, 0),
(526, 'virgilfuentes', '6eaa5d837c392e5e27fafb8666d4e65c', 'Virgil', 'Fuentes', 'virgilfuentes@yahoo.com', 'Oca1G7cmnLEYihV', '1971-06-02', NULL, '103.80.140.223', 'inactive', 'user', '09228027185', '+63 906 304 3752', '', 'September 13, 2019 02:52:41 PM', 'OH533', '4643fdd61b67cbd50822c7944781079b', 0, 0),
(527, 'superyonix', 'a79f9d7560803b5596d23fb79906d6cc', 'Ion Micah', 'Fuentes', 'ionmicah.fuentes@gmail.com', 'QXYXfvGxdqBRT4x', '1995-12-18', NULL, '103.80.140.223', 'inactive', 'user', '09338178195', NULL, '', 'September 13, 2019 03:14:03 PM', 'OH1097', 'a79f9d7560803b5596d23fb79906d6cc', 0, 0),
(528, 'celsarah', 'eb693c4fd1abd70550924338fe183878', 'Cel Sarah', 'Fuentes', 'celsarahfuentes@gmail.com', 'MV4dxTIuExMDwMs', '1997-01-11', NULL, '103.80.140.223', 'inactive', 'user', '09336061430', NULL, '', 'September 13, 2019 03:24:25 PM', 'OH1099', 'eb693c4fd1abd70550924338fe183878', 0, 0),
(529, 'Josievillanueva', '993a0b20ce179380df736c3e1bb094a5', 'Josie', 'Villanueva', 'villanuevajosie96@gmail.com', '0po80bG6eTQZd3Q', '1985-07-02', NULL, '103.80.140.146', 'inactive', 'user', '09109789621', NULL, '', 'September 13, 2019 04:56:25 PM', 'OH1286', '993a0b20ce179380df736c3e1bb094a5', 0, 0),
(530, 'aioey1', '5913a234081de765a2288c733173bcf7', 'Patrick Joey', 'Madrona', 'patrolone2018@gmail.com', 'b44CTLYPpDC4w97', '1965-02-02', NULL, '58.69.139.181', 'inactive', 'user', '09179193400', NULL, '', 'September 13, 2019 07:25:03 PM', '746', '5913a234081de765a2288c733173bcf7', 0, 0),
(531, 'Yodnilcotap', 'a0f1b2f9da7d3e4708c161a1f7efae0f', 'Arturo', 'Patoc', 'artpatoc@yahoo.com', 'Xx6COTrEfLNL8FF', '1967-06-18', NULL, '49.147.125.86', 'inactive', 'user', '09167355594', NULL, '', 'September 13, 2019 07:36:35 PM', '777', 'a0f1b2f9da7d3e4708c161a1f7efae0f', 0, 2),
(532, 'richman', 'f3d8930ac737d7ca4c920095d93c3bd9', 'Ricardo', 'Rotaquio', 'rdrotaquio@gmail.com', 'fYY8un9fLc5ieBi', '1962-11-02', NULL, '58.69.139.181', 'inactive', 'user', '09296763980', NULL, '', 'September 13, 2019 07:51:33 PM', '782', 'f3d8930ac737d7ca4c920095d93c3bd9', 0, 0),
(533, 'Eng819', 'dd2091c34a7cca010dd6deacd5e795fb', 'Era', 'Rotaquio', 'erarotaquio@yahoo.com', 'y8vUYSX0wvNnrS6', '1961-08-19', NULL, '175.176.67.220', 'inactive', 'user', '09222073980', NULL, '', 'September 13, 2019 10:44:49 PM', '', '', 0, 0),
(534, 'darwinlane', 'e9ff71529cb428f1bf46b6f80be9258a', 'Darwin', 'Lane', 'darwinlane@yahoo.com', 'hWiUihqMwQyEakU', '1985-12-19', NULL, '208.77.114.190', 'inactive', 'user', '09064551277', NULL, '', 'September 14, 2019 04:45:42 AM', '', '', 0, 0),
(535, 'Dwaynedhen', 'e9947ce385efe3b6e2d817a75dea411c', 'Joy', 'Berdin', 'jeroldarao019@gmail.com', 'fHM3et9Svvq7QWj', '1987-02-01', NULL, '223.19.153.25', 'inactive', 'user', '09463813038', NULL, '', 'September 14, 2019 11:13:05 PM', 'OH1295', '0d5425118d7aaa57e0f18a9e0d87104b', 0, 0),
(536, 'jenvega', 'abd72dcebfdd35caa0b78cb9b69e423c', 'Jennifer', 'Vega', 'jennifer.opone@gmail.com', 'KA3uWEhg4bsAZoT', '1981-06-12', NULL, '49.145.139.239', 'inactive', 'user', '09982323483', NULL, '', 'September 15, 2019 08:29:39 PM', 'OH1111', 'abd72dcebfdd35caa0b78cb9b69e423c', 0, 0),
(537, 'CharlaJane', '22495f216c9f30e90eab929f576ed32a', 'Charla Jane', 'Laroa', 'charlaroa.jane@gmail.com', '2cUvpp70iGgEWSK', '1995-02-20', NULL, '180.190.163.55', 'inactive', 'user', '09566794058', NULL, '', 'September 15, 2019 10:39:26 PM', '', '', 0, 0),
(538, 'mariarowena', 'c846d473f7057347628cdb615fb0b90a', 'Ma.Rowena ', 'Pabatang', 'dajacrowenama@gmail.com', 'cZybVxfCRyrSTmk', '1977-01-14', NULL, '45.64.241.61', 'inactive', 'user', '09307404570', NULL, '', 'September 16, 2019 11:53:22 AM', '', '', 0, 0),
(539, 'Pinangolivar', '9b7377d851a87184cca4cbd42d4fde36', 'Josefina', 'Olivar', 'josefinaolivar@gmail.com', 'Ug6DBWR1PzmEgHk', '1964-01-04', NULL, '110.54.196.222', 'inactive', 'user', '09265487415', NULL, '', 'September 16, 2019 01:05:09 PM', 'Oh328', '33db6b47adbd7f3ea50e77e940fafcd7', 0, 0),
(540, 'normating', '12214579b755597fd818af4c705ea8a3', 'Norma', 'Ting', 'normating@yahoo.com', 'xSwgTytgQLSK7cj', '1949-05-29', NULL, '49.148.233.92', 'inactive', 'user', '09177151559', '', '', 'September 16, 2019 02:33:03 PM', 'OH537', '5e175f26d946b0d41259012ef4b075b1', 0, 0),
(541, 'carmenroyeca', '9ba58ce58c7f3e3bb13f1e191946ff33', 'Carmen', 'Royeca', 'carmen.royeca@yahoo.com', 'mGektCmWtjdnvwF', '1948-06-17', NULL, '49.148.233.92', 'inactive', 'user', '09088669668', NULL, '', 'September 16, 2019 02:50:40 PM', 'OH538', 'e275df45ce00dcbf1816aa75bd3f60c6', 0, 0),
(542, 'Mariaflor', 'a54545b6e53d3d21f643f3427194407a', 'Maria flor', 'Dumagil', 'mariaflortoribadumagil.@gmail.com', 'nuOUWcovngdXRUj', '1975-08-25', NULL, '58.69.139.181', 'inactive', 'user', '09282524909', NULL, '', 'September 16, 2019 03:25:37 PM', '', '', 0, 0),
(543, 'Nhadz73', 'd4135636de355983acf97e3349f72b37', 'Nadora', 'David', 'penarandaclaire@gmail.com', 'lnDT6QmejCNrsZM', '1972-06-12', NULL, '49.148.233.92', 'inactive', 'user', '09216518949', NULL, '', 'September 16, 2019 04:53:19 PM', 'OH1107', 'd4135636de355983acf97e3349f72b37', 0, 0),
(544, 'Jacky22', 'dbb26440cf8f8f043e7c7f9e78175aca', 'Jacky lynne', 'Agustin', 'agustinjackylynne@gmail.com', 'psEYCmVbZ16feDn', '1984-12-22', NULL, '180.190.167.3', 'inactive', 'user', '09224490410', NULL, '', 'September 16, 2019 04:57:34 PM', '', '', 0, 0),
(545, 'Claire1792', '886a8bf72008457b5b94a7bab5d699fe', 'Marjorie Claire', 'Penaranda', 'cdavid.penaranda@gmail.com', 'MdxniLEY1PlBK4p', '1992-03-17', NULL, '49.148.233.92', 'inactive', 'user', '09756128169', NULL, '', 'September 16, 2019 05:04:04 PM', 'OH1108', '886a8bf72008457b5b94a7bab5d699fe', 0, 0),
(546, 'LeamStar', 'de04ca48123c3c5eb1d8625807d7a165', 'Elma', 'Talatala', 'elmatalatala75@gmail.com', 'vo8Ji33mYN6sjvX', '1975-11-19', NULL, '49.148.233.92', 'inactive', 'user', '09487268091', NULL, '', 'September 16, 2019 05:19:55 PM', 'OH1123', 'de04ca48123c3c5eb1d8625807d7a165', 0, 0),
(547, 'Rolcasalva', 'f64d04a735498e73ebd096a11b29c5f2', 'Carolina', 'Salvilla', 'bodjack74@gmail.com', 'ruaX0mSJvxCwli7', '1975-08-21', NULL, '175.176.80.158', 'inactive', 'user', '09081922349', NULL, '', 'September 16, 2019 05:39:45 PM', '', '', 0, 0),
(548, 'rolcasalva74', 'f64d04a735498e73ebd096a11b29c5f2', 'Carolina', 'Salvilla', 'bodjack@gmail.com', 'CS7gUIioGrFblZs', '1975-08-21', NULL, '175.176.80.158', 'inactive', 'user', '09081922349', NULL, '', 'September 16, 2019 05:52:10 PM', 'OH1127', 'f64d04a735498e73ebd096a11b29c5f2', 0, 0),
(549, 'roypintor', '202164f80003e8c8f9bd496f83fd44c4', 'ROY', 'PINTOR', 'royrpintor@gmail.com', 'Zz0jhbgXYCFf1D4', '1971-09-06', NULL, '180.190.175.57', 'inactive', 'user', '09453483346', NULL, '', 'September 17, 2019 02:48:03 PM', 'OH1154', 'e0c35bcefacfd8f5996a35ef2a9e119b', 0, 0),
(550, 'Joshoctura', 'e10adc3949ba59abbe56e057f20f883e', 'Josh Elisha', 'Octura', 'josh@gmail.com', 'nkRLzoAdH2UwJp6', '1988-09-17', NULL, '49.148.184.170', 'inactive', 'user', '09215695934', NULL, '', 'September 17, 2019 04:40:29 PM', '1116', 'c571438965c4a69bfe32f4033fff0bcd', 0, 0),
(551, 'marialuzbonga', 'bce361302e5a3c4e5a63ed10da37c15f', 'MARIA LUZ', 'BONGA', 'marialuz.bonga@gmail.com', 'vvNDHI0wRkleelz', '1971-10-27', NULL, '180.190.174.123', 'inactive', 'user', '09453483346', NULL, '', 'September 18, 2019 03:57:15 PM', 'OH1238', 'ee7b0ba3cc79909ca2b8113d5caf197e', 0, 0),
(552, 'Vanvan', 'e5ab110581e7dd1ad02e75e64949c8fe', 'Maxi Cris', 'Del Rosario', 'maxicris.mcdo@gmail.com', 'jLjYEaTes18NtdM', '1985-05-14', NULL, '45.64.240.160', 'inactive', 'user', '09305917760', NULL, '', 'September 19, 2019 06:58:15 AM', '', '', 0, 0),
(553, 'Ofelia01', '9083b211c18edd6e1a4cad982d6d4056', 'Ofelia', 'Mislang', 'ofelia.mislang1954@gmail.com', 'kcODZgHfWrv33Ii', '1954-07-20', NULL, '45.64.240.160', 'inactive', 'user', '09432252707', NULL, '', 'September 19, 2019 07:25:13 AM', '', '', 0, 0),
(555, 'madein', '7be98988d98158f14c083455d0a35ea6', 'Madeilin', 'Wong', 'madeinwong55@gmail.com', '5RLLUoZnc0pakd7', '1963-05-17', NULL, '110.54.227.91', 'inactive', 'user', '09179297284', NULL, '', 'September 19, 2019 07:45:55 PM', '1180', 'e10adc3949ba59abbe56e057f20f883e', 0, 0),
(556, 'SVALaguna', '0ca8e8d1d9f1de6fad8eea83716f3087', 'Sandra Veronica', 'Laguna', 'SVALaguna@gmail.com', 'ilor4U3lkyqjN1J', '1973-01-29', NULL, '110.54.162.56', 'inactive', 'user', '09177726906', NULL, '', 'September 20, 2019 02:47:41 PM', 'Oh1003', '0ca8e8d1d9f1de6fad8eea83716f3087', 0, 0),
(557, 'jane82', '26ac58cbcb0d008571d585d27ef392b6', 'Mary Jane ', 'Uba', 'uba82maryjane@gmail.com', 'Wd8mNrRj3i0pfYG', '1982-12-31', NULL, '94.122.120.241', 'inactive', 'user', '09161976564', NULL, '', 'September 21, 2019 04:05:33 PM', '', '', 0, 0),
(558, 'Mcaster4k', '314c5e03db62c5f02a9f3b843bd3bb0a', 'Randy', 'Peñas', 'mcaster4k@gmail.com', 'f0ugjV8JB0t49rK', '1981-11-16', NULL, '175.176.67.169', 'inactive', 'user', '09177717745', NULL, '', 'September 21, 2019 05:17:28 PM', 'OH1027', '314c5e03db62c5f02a9f3b843bd3bb0a', 0, 0),
(559, 'MPsilabay', '0e9dc5d9565145c51ca277f760e10bb3', 'Michelle', 'Silabay', 'michelle.panotes09@gmail.com', 'xaYcUkflfeFzTy7', '1985-10-09', NULL, '120.29.84.93', 'inactive', 'user', '09157119818', NULL, '', 'September 22, 2019 03:23:50 AM', '', '', 0, 0),
(560, 'RommelRotaquio', '77f83010389f7a25fcb73084ea10ec8f', 'rommel', 'rotaquio', 'tengertr1973@gmail.com', 'x8ljpn2SCKY4PxD', '1973-03-30', NULL, '49.145.102.96', 'inactive', 'user', '09175441761', NULL, '', 'September 22, 2019 12:06:59 PM', '939', '77f83010389f7a25fcb73084ea10ec8f', 0, 0),
(561, 'lala0719', 'ed4bd4849bd15e1e94147c1b69b936e0', 'Sarah', 'Aprosta', 'aprostasa@gmail.com', 'GlbVIh6hWhfIvSJ', '2019-07-19', NULL, '110.54.194.179', 'inactive', 'user', '09338608377', NULL, '', 'September 22, 2019 11:22:35 PM', 'OH507', 'e4921ed32f4b09239416a6d6ce0e99d8', 0, 0),
(562, 'Ajbanzuelo', '9f6caac7a922a8957c083b6f83a56370', 'Alvin John', 'Bayocboc', 'alvin.john.bayocboc@gmail.com', 'DsTglHfh51LIyB4', '1993-12-25', NULL, '175.176.92.72', 'inactive', 'user', '09074331420', '', '', 'September 23, 2019 08:24:23 AM', 'OH960', '9f6caac7a922a8957c083b6f83a56370', 0, 0);
INSERT INTO `member` (`member_id`, `member_username`, `member_pw`, `member_fname`, `member_lname`, `member_email`, `referral_code`, `member_bdate`, `member_regdate`, `member_ip`, `member_status`, `member_level`, `member_contactnum`, `member_truemoney`, `member_location`, `member_reg`, `ohid`, `ohpw`, `redeem_outlet_access`, `set_position`) VALUES
(563, 'Anjelaii011', 'ca342e4a3ccab3baeccf45d196aa96a0', 'Angelica', 'Vargas', 'vargasangelica349@gmail.com', 'HkNOQ0t99itpSTs', '1994-08-25', NULL, '175.158.218.0', 'inactive', 'user', '09156907841', '', '', 'September 23, 2019 08:42:53 AM', 'OH1247', 'd72eeebe9c57dc13a32f0a703c6e3fa3', 0, 0),
(564, 'Tonette27', 'f05e71c4188938d61c1c0c5651b0465c', 'Antonette', 'Vargas', 'antonettevargas21@gmail.com', 'euMpI2iPWemZX55', '1992-08-23', NULL, '175.158.218.0', 'inactive', 'user', '09954747602', NULL, '', 'September 23, 2019 11:15:48 AM', '', '', 0, 0),
(565, 'badger019', 'e2336cf3e273bc1b091d61f29b8e3452', 'Rogelio Jr ', 'Nacionales ', 'badger019@yahoo.com', 'KAaL9DHbvpToeOE', '1983-01-19', NULL, '110.54.140.45', 'inactive', 'user', '09097526213', NULL, '', 'September 23, 2019 12:51:47 PM', 'OH965', 'e2336cf3e273bc1b091d61f29b8e3452', 0, 0),
(566, 'jensenfulminar', '931a15befe0bff7cc74a42c53536b6c1', 'beverly', 'beroja', 'bhever246@gmail.com', '2QFbX4tZZuOEbPZ', '1983-02-15', NULL, '182.239.114.217', 'inactive', 'user', '09657014105', NULL, '', 'September 23, 2019 01:25:55 PM', '', '', 0, 0),
(567, 'Sangreo', 'e10adc3949ba59abbe56e057f20f883e', 'Aireen', 'Sangreo', 'perillo.aireen020975@gmail.com', '9FbZCqPrbysA2Cg', '1975-09-02', NULL, '129.208.100.178', 'inactive', 'user', '09483340027', NULL, '', 'September 23, 2019 03:20:19 PM', '', '', 0, 0),
(568, 'macristina', '7fdb0c176d88918be98cc2b74e0e8e89', 'Ma. Cristina', 'Dela Cruz', 'c.delacruz75@yahoo.com', 'A9c3Uiw8AcXNPvd', '1986-12-08', NULL, '45.64.242.9', 'inactive', 'user', '90186357', NULL, '', 'September 23, 2019 04:44:02 PM', '', '', 0, 0),
(569, 'Donabel23', '57bc1bea1dba7d51647e27cd7d1e0cd7', 'DONABEL', 'Bernante', 'donabelbernante23@gmail.com', 'qu1zXkpwv4j5Dqe', '1971-01-23', NULL, '49.148.194.154', 'inactive', 'user', '09369483234', NULL, '', 'September 23, 2019 06:08:52 PM', 'OH1289', '57bc1bea1dba7d51647e27cd7d1e0cd7', 0, 0),
(570, 'antonette1234', 'e4921ed32f4b09239416a6d6ce0e99d8', 'Antonette', 'Vargas', 'antonettevargas@gmail.com', 'DiJTVi61xb9aD7Z', '1992-07-23', NULL, '110.54.205.214', 'inactive', 'user', '09954747602', NULL, '', 'September 23, 2019 07:16:35 PM', 'OH1248', 'e2f3aade590452b9b13c4e11f93f0c98', 0, 0),
(571, 'eddie10', 'b51a8054a8a66511f70deea0d316a6fd', 'eddie jr', 'lagsic', 'juniorlej@gmail.com', 'UrFsBxLldiAe5HO', '1986-02-10', NULL, '49.149.5.201', 'inactive', 'user', '09457237332', NULL, '', 'September 23, 2019 10:42:38 PM', 'OH1291', 'b51a8054a8a66511f70deea0d316a6fd', 0, 0),
(572, 'joelralph', 'dfa17dac8181c5d3cedb66182a8235f6', 'Joel Ralph', 'Barsales', 'jayrdb414@gmail.com', 'GcaBz6y1mBfKEZ7', '1992-04-14', NULL, '49.149.102.219', 'inactive', 'user', '09162272074', NULL, '', 'September 23, 2019 11:53:15 PM', 'OH194', 'dfa17dac8181c5d3cedb66182a8235f6', 0, 0),
(573, 'goldwd', '39e2cd583f4f26223df59fc915de5476', 'Aida', 'Bulilan', 'aidabulilan@yahoo.com', 'vRCN2ssgjxHemgL', '1965-05-29', NULL, '49.149.102.219', 'inactive', 'user', '09199925104', NULL, '', 'September 24, 2019 12:37:40 AM', 'OH118', 'c773fdef3889bdadbe809f1e8aaeea46', 0, 0),
(574, 'jeffreywd', 'd6cff022f62624e9e9dd1a347a7855a6', 'Jeffrey', 'Del Socorro', 'delsocorro.jeffrey@yahoo.com', 'AoSxcfWrLI3OX4G', '1976-03-01', NULL, '49.149.102.219', 'inactive', 'user', '09325626617', NULL, '', 'September 24, 2019 12:49:01 AM', 'OH144', 'e838af135e7e284da10ace0fef29c657', 0, 0),
(575, 'honcab19', '91efc043cfef8eecb3ea7dec8bcfdc15', 'Honey Rose', 'Cabalo', 'honeycabalo@gmail.com', 'Jnafev4AEMwkSaY', '1990-01-19', NULL, '49.146.46.107', 'inactive', 'user', '971508367471', NULL, '', 'September 24, 2019 10:23:54 AM', 'OH1325', '91efc043cfef8eecb3ea7dec8bcfdc15', 0, 0),
(576, 'inengkit', '052b0fb2fc4e4e3d8a7b3e59a2c587fb', 'Marilet ', 'Estrella', 'mariletestrella@yahoo.com', 'H9hnwt3CJD1zE7D', '1963-04-23', NULL, '49.144.0.64', 'inactive', 'user', '09178860171', NULL, '', 'September 24, 2019 12:23:36 PM', '', '', 0, 0),
(577, 'helendsimon', '3fe4c917f62e537e040eb6424ef3d304', 'Helen', 'Simon', 'helendiazsimon@gmail.com', 'IOzjUzprdd3Cxsf', '1967-02-07', NULL, '49.148.165.112', 'inactive', 'user', '09163789042', NULL, '', 'September 24, 2019 01:30:13 PM', 'OH651', '7f422e9c1f04b2c855f6b2b6975500a9', 0, 0),
(578, 'nellybebz', '04fa47ddfbd6050d2fdcbbf964c2c842', 'Nelly', 'Bernardo', 'nellybernardo1024@gmail.com', 'mq6kkbasYbYrhTb', '1956-10-24', NULL, '110.54.131.161', 'inactive', 'user', '09177148515', NULL, '', 'September 24, 2019 03:49:40 PM', 'OH1362', 'd7c9339d113d8286fb0350c039067945', 0, 0),
(579, 'test_123', 'e10adc3949ba59abbe56e057f20f883e', 'test1', 'testhuhu', 'test_123@gmail.com', 'jZdZiOXVNmTPMY1', '0000-00-00', NULL, '::1', 'active', 'user', '09123456789', NULL, '', 'October 01, 2019 10:21:45 AM', 'OH732', 'e10adc3949ba59abbe56e057f20f883e', 0, 3),
(580, 'test2_123', 'e10adc3949ba59abbe56e057f20f883e', 'test2', '2test', 'test2_123@gmail.com', 'oRZLBmDKUWJXqMv', '0000-00-00', NULL, '::1', 'active', 'user', '09158010869', NULL, '', 'October 01, 2019 10:22:31 AM', '', '', 0, 0),
(581, 'test3_123', 'e10adc3949ba59abbe56e057f20f883e', 'test3', '3test', 'test3@gmail.com', 'DpYPfAozMNgu9xv', '0000-00-00', NULL, '::1', 'inactive', 'user', '09158010869', NULL, '', 'October 01, 2019 11:22:05 AM', '', '', 0, 0),
(582, '3test_123', 'e10adc3949ba59abbe56e057f20f883e', '3test', '3test', '3test@gmail.com', 'cNttOvwkCEi2o3e', '0000-00-00', NULL, '::1', 'active', 'user', '09158010869', NULL, '', 'October 01, 2019 12:09:46 PM', '', '', 0, 2),
(583, '4test_123', 'e10adc3949ba59abbe56e057f20f883e', '4test', '4test', '4test@gmail.com', 'yrgzKf65qgrNPBN', '0000-00-00', NULL, '::1', 'active', 'user', '09158010869', NULL, '', 'October 01, 2019 12:10:34 PM', '', '', 0, 0),
(584, '3test13left', 'e10adc3949ba59abbe56e057f20f883e', '3test13left', '3test13left', '3test13left@gmail.com', 'YZ6TL3UPK31nfK3', '0000-00-00', NULL, '::1', 'active', 'user', '09158010869', NULL, '', 'October 04, 2019 10:39:33 AM', '', '', 0, 0),
(585, '3test13right', 'e10adc3949ba59abbe56e057f20f883e', '3test13right', '3test13right', '3test13right@gmail.com', 'Wz4Yf4pmBkDSTVM', '0000-00-00', NULL, '::1', 'active', 'user', '09158010869', NULL, '', 'October 04, 2019 10:42:58 AM', '', '', 0, 0),
(586, '3test16left', 'e10adc3949ba59abbe56e057f20f883e', '3test16left', '3test16left', '3test16left@gmail.com', 'PP5BaaXPsMYXRqd', '0000-00-00', NULL, '::1', 'active', 'user', '09158010869', NULL, '', 'October 04, 2019 10:57:07 AM', '', '', 0, 0),
(587, '3test16right', 'e10adc3949ba59abbe56e057f20f883e', '3test16right', '3test16right', '3test16right@gmail.com', 'VcrYxhRk9AEXgt6', '0000-00-00', NULL, '::1', 'active', 'user', '09158010869', NULL, '', 'October 04, 2019 10:59:01 AM', '', '', 0, 0),
(588, '3test28left', 'e10adc3949ba59abbe56e057f20f883e', '3test28left', '3test28left', '3test28left@gmail.com', 'RcV8VxXOOlVxrs4', '0000-00-00', NULL, '::1', 'active', 'user', '09158010869', NULL, '', 'October 04, 2019 11:03:04 AM', '', '', 0, 0),
(589, '3test28right', 'e10adc3949ba59abbe56e057f20f883e', '3test28right', '3test28right', '3test28right@gmail.com', 'GK4YJ9my3Mj6ya5', '0000-00-00', NULL, '::1', 'active', 'user', '09158010869', NULL, '', 'October 04, 2019 11:04:15 AM', '', '', 0, 0),
(590, '3test27', 'e10adc3949ba59abbe56e057f20f883e', '3test27', '3test27', '3test27@gmail.com', 'nScH7SbI1wdNXwm', '0000-00-00', NULL, '::1', 'active', 'user', '09158010869', NULL, '', 'October 04, 2019 11:05:32 AM', '', '', 0, 0),
(591, '3test27right', 'e10adc3949ba59abbe56e057f20f883e', '3test27right', '3test27right', '3test27right@gmail.com', 'PPFDaIIcg1PLxd6', '0000-00-00', NULL, '::1', 'active', 'user', '09158010869', NULL, '', 'October 04, 2019 11:07:03 AM', '', '', 0, 0),
(592, '3test11left', 'e10adc3949ba59abbe56e057f20f883e', '3test11left', '3test11left', '3test11left@gmail.com', 'AWGbgk1o3dU2z5R', '0000-00-00', NULL, '::1', 'active', 'user', '09158010869', NULL, '', 'October 04, 2019 11:08:15 AM', '', '', 0, 0),
(593, '3test11right', 'e10adc3949ba59abbe56e057f20f883e', '3test11right', '3test11right', '3test11right@gmail.com', 'ZxDBsdxVbu4Jxwb', '0000-00-00', NULL, '::1', 'active', 'user', '09158010869', NULL, '', 'October 04, 2019 11:09:17 AM', '', '', 0, 0),
(594, '3test21left', 'e10adc3949ba59abbe56e057f20f883e', '3test21left', '3test21', '3test21@gmail.com', 'OF71F1yodYqsuS2', '0000-00-00', NULL, '::1', 'active', 'user', '09158010869', NULL, '', 'October 04, 2019 11:12:01 AM', '', '', 0, 0),
(595, '3test21right', 'e10adc3949ba59abbe56e057f20f883e', '3test21right', '3test21right', '3test21right@gmail.com', 'Nl9Pn4BBxTQ23fq', '0000-00-00', NULL, '::1', 'active', 'user', '09158010869', NULL, '', 'October 04, 2019 11:13:06 AM', '', '', 0, 0),
(596, 'monggo', 'e10adc3949ba59abbe56e057f20f883e', 'monggo', 'loid', 'asdasdasdasdasd@gmail.com', '', '0000-00-00', NULL, '', 'inactive', '', '12345678901', NULL, 'Secreeeet', '', '', '', 0, 0),
(597, 'loid_monggo', 'e10adc3949ba59abbe56e057f20f883e', 'loid', 'monggo', 'loid_monggo@gmail.com', 'zpyiCNCm6m26WMT', '0000-00-00', NULL, '', 'inactive', '', '12345678901', NULL, 'Secreeeet', '', '', '', 0, 0),
(598, 'asdasd', 'e10adc3949ba59abbe56e057f20f883e', 'carl', 'jandic', 'asdasdasdsad3@gmail.com', 'loHUpCR2va6lgrR', '0000-00-00', NULL, '', 'inactive', '', '12345678901', NULL, 'Bachelors Quarters, MSU Campus, Fatima', '', '', '', 0, 0),
(599, 'qweqwe', '202cb962ac59075b964b07152d234b70', 'carl', 'jandic', 'qweqweqweqweqwe@gmail.com', 'r4YXSayhI5KpngE', '0000-00-00', NULL, '', 'inactive', '', '12345678901', NULL, 'Bachelors Quarters, MSU Campus, Fatima', '', '', '', 0, 0),
(600, 'carl_jandic', 'e10adc3949ba59abbe56e057f20f883e', 'carl', 'jandic', '5432lynette@gmail.com', 'adsacXY6zSnlyrj', '0000-00-00', NULL, '', 'inactive', '', '09123456789', NULL, 'Bachelors Quarters, MSU Campus, Fatima', '', '', '', 0, 0),
(601, '123123', 'e10adc3949ba59abbe56e057f20f883e', 'carl', 'jandic', '123123123123123@gmail.com', 'aP7aCc2awycWBfl', '0000-00-00', NULL, '', 'inactive', '', '12345678901', NULL, 'Bachelors Quarters, MSU Campus, Fatima', '', '', '', 0, 0),
(602, 'zxczxc', '4297f44b13955235245b2497399d7a93', 'monggo', 'loid', 'qweqweasdasdasdzxczxczxc@gmail.com', 'AM1Gzbt0RWC4W9c', '0000-00-00', NULL, '', 'inactive', '', '12345678901', NULL, 'Secreeeet', '', '', '', 0, 0);

-- --------------------------------------------------------

--
-- Table structure for table `payment`
--

CREATE TABLE `payment` (
  `id` bigint(20) UNSIGNED NOT NULL,
  `payment_type` text DEFAULT NULL
) ENGINE=InnoDB DEFAULT CHARSET=latin1;

--
-- Dumping data for table `payment`
--

INSERT INTO `payment` (`id`, `payment_type`) VALUES
(1, 'Reservation'),
(2, 'Down Payment'),
(3, 'Equity'),
(4, 'Amortization');

-- --------------------------------------------------------

--
-- Table structure for table `payment_scheme`
--

CREATE TABLE `payment_scheme` (
  `id` bigint(20) UNSIGNED NOT NULL,
  `terms_id` int(11) DEFAULT NULL,
  `payment_type` int(11) DEFAULT NULL,
  `p_range` int(11) DEFAULT NULL,
  `amount` decimal(13,2) DEFAULT NULL,
  `rate` decimal(13,2) DEFAULT NULL
) ENGINE=InnoDB DEFAULT CHARSET=latin1;

--
-- Dumping data for table `payment_scheme`
--

INSERT INTO `payment_scheme` (`id`, `terms_id`, `payment_type`, `p_range`, `amount`, `rate`) VALUES
(2, 1, 1, 1, '8000.00', NULL),
(3, 1, 3, 36, '4800.00', NULL),
(4, 1, 4, 360, '4800.00', NULL),
(5, 2, 1, 1, '6000.00', NULL),
(6, 2, 3, 36, '3600.00', NULL),
(7, 2, 4, 360, '3600.00', NULL),
(8, 4, 1, 1, '13000.00', NULL),
(9, 4, 3, 36, '7800.00', NULL),
(10, 4, 4, 360, '7800.00', NULL),
(11, 5, 1, 1, '11000.00', NULL),
(12, 5, 3, 36, '6600.00', NULL),
(13, 5, 4, 360, '6600.00', NULL);

-- --------------------------------------------------------

--
-- Table structure for table `rate`
--

CREATE TABLE `rate` (
  `id` bigint(20) UNSIGNED NOT NULL,
  `rate` decimal(13,2) DEFAULT NULL,
  `date` datetime DEFAULT NULL,
  `status` varchar(250) DEFAULT NULL
) ENGINE=InnoDB DEFAULT CHARSET=latin1;

--
-- Dumping data for table `rate`
--

INSERT INTO `rate` (`id`, `rate`, `date`, `status`) VALUES
(1, '1.00', '2019-11-27 00:00:00', 'inactive'),
(2, '1.50', '2019-11-27 14:06:55', 'active');

-- --------------------------------------------------------

--
-- Table structure for table `referral`
--

CREATE TABLE `referral` (
  `referral_id` int(20) NOT NULL,
  `referred_member_id` int(20) NOT NULL,
  `referredby_member_id` int(20) NOT NULL,
  `invited` varchar(20) NOT NULL,
  `sponsor` varchar(20) NOT NULL
) ENGINE=InnoDB DEFAULT CHARSET=latin1;

--
-- Dumping data for table `referral`
--

INSERT INTO `referral` (`referral_id`, `referred_member_id`, `referredby_member_id`, `invited`, `sponsor`) VALUES
(1, 0, 0, '', ''),
(2, 240, 598, '', ''),
(3, 1, 599, '', ''),
(5, 600, 601, '', ''),
(6, 1, 602, '', '');

-- --------------------------------------------------------

--
-- Table structure for table `subdivision`
--

CREATE TABLE `subdivision` (
  `id` bigint(20) UNSIGNED NOT NULL,
  `subdivision_name` text DEFAULT NULL,
  `address` text DEFAULT NULL
) ENGINE=InnoDB DEFAULT CHARSET=latin1;

--
-- Dumping data for table `subdivision`
--

INSERT INTO `subdivision` (`id`, `subdivision_name`, `address`) VALUES
(1, 'SeaBreeze Heights', 'Brgy. Tambler, General Santos City');

-- --------------------------------------------------------

--
-- Table structure for table `system_logs`
--

CREATE TABLE `system_logs` (
  `id` bigint(20) UNSIGNED NOT NULL,
  `event` varchar(255) DEFAULT NULL,
  `member_id` int(11) DEFAULT NULL,
  `date` datetime DEFAULT NULL
) ENGINE=InnoDB DEFAULT CHARSET=latin1;

--
-- Dumping data for table `system_logs`
--

INSERT INTO `system_logs` (`id`, `event`, `member_id`, `date`) VALUES
(1, 'Paid Equity #9 for an amount of 2000.00', 240, '2019-11-15 12:30:42'),
(2, 'Added Secreeeet', 240, '2019-11-15 13:08:36'),
(3, 'Paid Equity #10 for an amount of 2000.00', 240, '2019-11-15 13:44:55'),
(4, 'Requested to withdraw 1000 from commission wallet', 240, '2019-11-18 14:23:51'),
(5, 'Requested to withdraw  from commission wallet', 240, '2019-11-18 14:55:24'),
(6, 'Requested to withdraw  from commission wallet', 240, '2019-11-18 14:56:20'),
(7, 'Paid Reservation #172 for an amount of 3000.00', 240, '2019-11-18 16:47:32'),
(8, 'Requested to withdraw 3000 from commission wallet', 240, '2019-11-18 16:58:20'),
(9, 'Added house named Secreeeet', 240, '2019-11-23 14:33:19'),
(10, 'Paid Reservation #1 for an amount of 8000.00', 240, '2019-11-23 14:54:55'),
(11, 'Requested to withdraw 2500 from commission wallet', 240, '2019-11-25 15:58:05'),
(12, 'Paid Equity #2 for an amount of 4800.00', 240, '2019-11-26 11:50:37'),
(13, 'Requested to withdraw 2000 from commission wallet', 240, '2019-11-26 11:53:19'),
(14, 'Added house named qweqwe', 1, '2019-11-27 13:59:23'),
(15, 'Added house named qweqweq', 240, '2019-11-27 14:01:56'),
(16, 'Added house named qweqwe', 240, '2019-11-27 14:06:09'),
(17, 'Added house named qweqwe', 240, '2019-11-27 14:07:15');

-- --------------------------------------------------------

--
-- Table structure for table `terms`
--

CREATE TABLE `terms` (
  `id` bigint(20) UNSIGNED NOT NULL,
  `terms_desc` text DEFAULT NULL
) ENGINE=InnoDB DEFAULT CHARSET=latin1;

--
-- Dumping data for table `terms`
--

INSERT INTO `terms` (`id`, `terms_desc`) VALUES
(1, '1,280,000PHP 33 Years'),
(2, '960,000PHP 33 Years'),
(4, '2,080,000 PHP 33 Years'),
(5, '1,760,000 PHP 33 Years');

-- --------------------------------------------------------

--
-- Table structure for table `user_payments`
--

CREATE TABLE `user_payments` (
  `id` bigint(20) UNSIGNED NOT NULL,
  `p_type_id` int(11) DEFAULT NULL,
  `due_date` datetime DEFAULT NULL,
  `date_paid` datetime DEFAULT NULL,
  `amount` decimal(13,2) DEFAULT NULL,
  `status` varchar(250) DEFAULT 'pending',
  `member_id` int(11) DEFAULT NULL,
  `housing_detail_id` int(11) DEFAULT NULL
) ENGINE=InnoDB DEFAULT CHARSET=latin1;

--
-- Dumping data for table `user_payments`
--

INSERT INTO `user_payments` (`id`, `p_type_id`, `due_date`, `date_paid`, `amount`, `status`, `member_id`, `housing_detail_id`) VALUES
(1, 1, '2019-12-23 00:00:00', '2019-11-23 14:54:55', '8000.00', 'PAID', 240, 5),
(2, 3, '2019-12-23 00:00:00', '2019-11-26 11:50:37', '4800.00', 'PAID', 240, 5),
(3, 3, '2020-01-23 00:00:00', NULL, '4800.00', 'PENDING', 240, 5),
(4, 3, '2020-02-23 00:00:00', NULL, '4800.00', 'PENDING', 240, 5),
(5, 3, '2020-03-23 00:00:00', NULL, '4800.00', 'PENDING', 240, 5),
(6, 3, '2020-04-23 00:00:00', NULL, '4800.00', 'PENDING', 240, 5),
(7, 3, '2020-05-23 00:00:00', NULL, '4800.00', 'PENDING', 240, 5),
(8, 3, '2020-06-23 00:00:00', NULL, '4800.00', 'PENDING', 240, 5),
(9, 3, '2020-07-23 00:00:00', NULL, '4800.00', 'PENDING', 240, 5),
(10, 3, '2020-08-23 00:00:00', NULL, '4800.00', 'PENDING', 240, 5),
(11, 3, '2020-09-23 00:00:00', NULL, '4800.00', 'PENDING', 240, 5),
(12, 3, '2020-10-23 00:00:00', NULL, '4800.00', 'PENDING', 240, 5),
(13, 3, '2020-11-23 00:00:00', NULL, '4800.00', 'PENDING', 240, 5),
(14, 3, '2020-12-23 00:00:00', NULL, '4800.00', 'PENDING', 240, 5),
(15, 3, '2021-01-23 00:00:00', NULL, '4800.00', 'PENDING', 240, 5),
(16, 3, '2021-02-23 00:00:00', NULL, '4800.00', 'PENDING', 240, 5),
(17, 3, '2021-03-23 00:00:00', NULL, '4800.00', 'PENDING', 240, 5),
(18, 3, '2021-04-23 00:00:00', NULL, '4800.00', 'PENDING', 240, 5),
(19, 3, '2021-05-23 00:00:00', NULL, '4800.00', 'PENDING', 240, 5),
(20, 3, '2021-06-23 00:00:00', NULL, '4800.00', 'PENDING', 240, 5),
(21, 3, '2021-07-23 00:00:00', NULL, '4800.00', 'PENDING', 240, 5),
(22, 3, '2021-08-23 00:00:00', NULL, '4800.00', 'PENDING', 240, 5),
(23, 3, '2021-09-23 00:00:00', NULL, '4800.00', 'PENDING', 240, 5),
(24, 3, '2021-10-23 00:00:00', NULL, '4800.00', 'PENDING', 240, 5),
(25, 3, '2021-11-23 00:00:00', NULL, '4800.00', 'PENDING', 240, 5),
(26, 3, '2021-12-23 00:00:00', NULL, '4800.00', 'PENDING', 240, 5),
(27, 3, '2022-01-23 00:00:00', NULL, '4800.00', 'PENDING', 240, 5),
(28, 3, '2022-02-23 00:00:00', NULL, '4800.00', 'PENDING', 240, 5),
(29, 3, '2022-03-23 00:00:00', NULL, '4800.00', 'PENDING', 240, 5),
(30, 3, '2022-04-23 00:00:00', NULL, '4800.00', 'PENDING', 240, 5),
(31, 3, '2022-05-23 00:00:00', NULL, '4800.00', 'PENDING', 240, 5),
(32, 3, '2022-06-23 00:00:00', NULL, '4800.00', 'PENDING', 240, 5),
(33, 3, '2022-07-23 00:00:00', NULL, '4800.00', 'PENDING', 240, 5),
(34, 3, '2022-08-23 00:00:00', NULL, '4800.00', 'PENDING', 240, 5),
(35, 3, '2022-09-23 00:00:00', NULL, '4800.00', 'PENDING', 240, 5),
(36, 3, '2022-10-23 00:00:00', NULL, '4800.00', 'PENDING', 240, 5),
(37, 3, '2022-11-23 00:00:00', NULL, '4800.00', 'PENDING', 240, 5),
(38, 4, '2019-12-23 00:00:00', NULL, '4800.00', 'PENDING', 240, 5),
(39, 4, '2020-01-23 00:00:00', NULL, '4800.00', 'PENDING', 240, 5),
(40, 4, '2020-02-23 00:00:00', NULL, '4800.00', 'PENDING', 240, 5),
(41, 4, '2020-03-23 00:00:00', NULL, '4800.00', 'PENDING', 240, 5),
(42, 4, '2020-04-23 00:00:00', NULL, '4800.00', 'PENDING', 240, 5),
(43, 4, '2020-05-23 00:00:00', NULL, '4800.00', 'PENDING', 240, 5),
(44, 4, '2020-06-23 00:00:00', NULL, '4800.00', 'PENDING', 240, 5),
(45, 4, '2020-07-23 00:00:00', NULL, '4800.00', 'PENDING', 240, 5),
(46, 4, '2020-08-23 00:00:00', NULL, '4800.00', 'PENDING', 240, 5),
(47, 4, '2020-09-23 00:00:00', NULL, '4800.00', 'PENDING', 240, 5),
(48, 4, '2020-10-23 00:00:00', NULL, '4800.00', 'PENDING', 240, 5),
(49, 4, '2020-11-23 00:00:00', NULL, '4800.00', 'PENDING', 240, 5),
(50, 4, '2020-12-23 00:00:00', NULL, '4800.00', 'PENDING', 240, 5),
(51, 4, '2021-01-23 00:00:00', NULL, '4800.00', 'PENDING', 240, 5),
(52, 4, '2021-02-23 00:00:00', NULL, '4800.00', 'PENDING', 240, 5),
(53, 4, '2021-03-23 00:00:00', NULL, '4800.00', 'PENDING', 240, 5),
(54, 4, '2021-04-23 00:00:00', NULL, '4800.00', 'PENDING', 240, 5),
(55, 4, '2021-05-23 00:00:00', NULL, '4800.00', 'PENDING', 240, 5),
(56, 4, '2021-06-23 00:00:00', NULL, '4800.00', 'PENDING', 240, 5),
(57, 4, '2021-07-23 00:00:00', NULL, '4800.00', 'PENDING', 240, 5),
(58, 4, '2021-08-23 00:00:00', NULL, '4800.00', 'PENDING', 240, 5),
(59, 4, '2021-09-23 00:00:00', NULL, '4800.00', 'PENDING', 240, 5),
(60, 4, '2021-10-23 00:00:00', NULL, '4800.00', 'PENDING', 240, 5),
(61, 4, '2021-11-23 00:00:00', NULL, '4800.00', 'PENDING', 240, 5),
(62, 4, '2021-12-23 00:00:00', NULL, '4800.00', 'PENDING', 240, 5),
(63, 4, '2022-01-23 00:00:00', NULL, '4800.00', 'PENDING', 240, 5),
(64, 4, '2022-02-23 00:00:00', NULL, '4800.00', 'PENDING', 240, 5),
(65, 4, '2022-03-23 00:00:00', NULL, '4800.00', 'PENDING', 240, 5),
(66, 4, '2022-04-23 00:00:00', NULL, '4800.00', 'PENDING', 240, 5),
(67, 4, '2022-05-23 00:00:00', NULL, '4800.00', 'PENDING', 240, 5),
(68, 4, '2022-06-23 00:00:00', NULL, '4800.00', 'PENDING', 240, 5),
(69, 4, '2022-07-23 00:00:00', NULL, '4800.00', 'PENDING', 240, 5),
(70, 4, '2022-08-23 00:00:00', NULL, '4800.00', 'PENDING', 240, 5),
(71, 4, '2022-09-23 00:00:00', NULL, '4800.00', 'PENDING', 240, 5),
(72, 4, '2022-10-23 00:00:00', NULL, '4800.00', 'PENDING', 240, 5),
(73, 4, '2022-11-23 00:00:00', NULL, '4800.00', 'PENDING', 240, 5),
(74, 4, '2022-12-23 00:00:00', NULL, '4800.00', 'PENDING', 240, 5),
(75, 4, '2023-01-23 00:00:00', NULL, '4800.00', 'PENDING', 240, 5),
(76, 4, '2023-02-23 00:00:00', NULL, '4800.00', 'PENDING', 240, 5),
(77, 4, '2023-03-23 00:00:00', NULL, '4800.00', 'PENDING', 240, 5),
(78, 4, '2023-04-23 00:00:00', NULL, '4800.00', 'PENDING', 240, 5),
(79, 4, '2023-05-23 00:00:00', NULL, '4800.00', 'PENDING', 240, 5),
(80, 4, '2023-06-23 00:00:00', NULL, '4800.00', 'PENDING', 240, 5),
(81, 4, '2023-07-23 00:00:00', NULL, '4800.00', 'PENDING', 240, 5),
(82, 4, '2023-08-23 00:00:00', NULL, '4800.00', 'PENDING', 240, 5),
(83, 4, '2023-09-23 00:00:00', NULL, '4800.00', 'PENDING', 240, 5),
(84, 4, '2023-10-23 00:00:00', NULL, '4800.00', 'PENDING', 240, 5),
(85, 4, '2023-11-23 00:00:00', NULL, '4800.00', 'PENDING', 240, 5),
(86, 4, '2023-12-23 00:00:00', NULL, '4800.00', 'PENDING', 240, 5),
(87, 4, '2024-01-23 00:00:00', NULL, '4800.00', 'PENDING', 240, 5),
(88, 4, '2024-02-23 00:00:00', NULL, '4800.00', 'PENDING', 240, 5),
(89, 4, '2024-03-23 00:00:00', NULL, '4800.00', 'PENDING', 240, 5),
(90, 4, '2024-04-23 00:00:00', NULL, '4800.00', 'PENDING', 240, 5),
(91, 4, '2024-05-23 00:00:00', NULL, '4800.00', 'PENDING', 240, 5),
(92, 4, '2024-06-23 00:00:00', NULL, '4800.00', 'PENDING', 240, 5),
(93, 4, '2024-07-23 00:00:00', NULL, '4800.00', 'PENDING', 240, 5),
(94, 4, '2024-08-23 00:00:00', NULL, '4800.00', 'PENDING', 240, 5),
(95, 4, '2024-09-23 00:00:00', NULL, '4800.00', 'PENDING', 240, 5),
(96, 4, '2024-10-23 00:00:00', NULL, '4800.00', 'PENDING', 240, 5),
(97, 4, '2024-11-23 00:00:00', NULL, '4800.00', 'PENDING', 240, 5),
(98, 4, '2024-12-23 00:00:00', NULL, '4800.00', 'PENDING', 240, 5),
(99, 4, '2025-01-23 00:00:00', NULL, '4800.00', 'PENDING', 240, 5),
(100, 4, '2025-02-23 00:00:00', NULL, '4800.00', 'PENDING', 240, 5),
(101, 4, '2025-03-23 00:00:00', NULL, '4800.00', 'PENDING', 240, 5),
(102, 4, '2025-04-23 00:00:00', NULL, '4800.00', 'PENDING', 240, 5),
(103, 4, '2025-05-23 00:00:00', NULL, '4800.00', 'PENDING', 240, 5),
(104, 4, '2025-06-23 00:00:00', NULL, '4800.00', 'PENDING', 240, 5),
(105, 4, '2025-07-23 00:00:00', NULL, '4800.00', 'PENDING', 240, 5),
(106, 4, '2025-08-23 00:00:00', NULL, '4800.00', 'PENDING', 240, 5),
(107, 4, '2025-09-23 00:00:00', NULL, '4800.00', 'PENDING', 240, 5),
(108, 4, '2025-10-23 00:00:00', NULL, '4800.00', 'PENDING', 240, 5),
(109, 4, '2025-11-23 00:00:00', NULL, '4800.00', 'PENDING', 240, 5),
(110, 4, '2025-12-23 00:00:00', NULL, '4800.00', 'PENDING', 240, 5),
(111, 4, '2026-01-23 00:00:00', NULL, '4800.00', 'PENDING', 240, 5),
(112, 4, '2026-02-23 00:00:00', NULL, '4800.00', 'PENDING', 240, 5),
(113, 4, '2026-03-23 00:00:00', NULL, '4800.00', 'PENDING', 240, 5),
(114, 4, '2026-04-23 00:00:00', NULL, '4800.00', 'PENDING', 240, 5),
(115, 4, '2026-05-23 00:00:00', NULL, '4800.00', 'PENDING', 240, 5),
(116, 4, '2026-06-23 00:00:00', NULL, '4800.00', 'PENDING', 240, 5),
(117, 4, '2026-07-23 00:00:00', NULL, '4800.00', 'PENDING', 240, 5),
(118, 4, '2026-08-23 00:00:00', NULL, '4800.00', 'PENDING', 240, 5),
(119, 4, '2026-09-23 00:00:00', NULL, '4800.00', 'PENDING', 240, 5),
(120, 4, '2026-10-23 00:00:00', NULL, '4800.00', 'PENDING', 240, 5),
(121, 4, '2026-11-23 00:00:00', NULL, '4800.00', 'PENDING', 240, 5),
(122, 4, '2026-12-23 00:00:00', NULL, '4800.00', 'PENDING', 240, 5),
(123, 4, '2027-01-23 00:00:00', NULL, '4800.00', 'PENDING', 240, 5),
(124, 4, '2027-02-23 00:00:00', NULL, '4800.00', 'PENDING', 240, 5),
(125, 4, '2027-03-23 00:00:00', NULL, '4800.00', 'PENDING', 240, 5),
(126, 4, '2027-04-23 00:00:00', NULL, '4800.00', 'PENDING', 240, 5),
(127, 4, '2027-05-23 00:00:00', NULL, '4800.00', 'PENDING', 240, 5),
(128, 4, '2027-06-23 00:00:00', NULL, '4800.00', 'PENDING', 240, 5),
(129, 4, '2027-07-23 00:00:00', NULL, '4800.00', 'PENDING', 240, 5),
(130, 4, '2027-08-23 00:00:00', NULL, '4800.00', 'PENDING', 240, 5),
(131, 4, '2027-09-23 00:00:00', NULL, '4800.00', 'PENDING', 240, 5),
(132, 4, '2027-10-23 00:00:00', NULL, '4800.00', 'PENDING', 240, 5),
(133, 4, '2027-11-23 00:00:00', NULL, '4800.00', 'PENDING', 240, 5),
(134, 4, '2027-12-23 00:00:00', NULL, '4800.00', 'PENDING', 240, 5),
(135, 4, '2028-01-23 00:00:00', NULL, '4800.00', 'PENDING', 240, 5),
(136, 4, '2028-02-23 00:00:00', NULL, '4800.00', 'PENDING', 240, 5),
(137, 4, '2028-03-23 00:00:00', NULL, '4800.00', 'PENDING', 240, 5),
(138, 4, '2028-04-23 00:00:00', NULL, '4800.00', 'PENDING', 240, 5),
(139, 4, '2028-05-23 00:00:00', NULL, '4800.00', 'PENDING', 240, 5),
(140, 4, '2028-06-23 00:00:00', NULL, '4800.00', 'PENDING', 240, 5),
(141, 4, '2028-07-23 00:00:00', NULL, '4800.00', 'PENDING', 240, 5),
(142, 4, '2028-08-23 00:00:00', NULL, '4800.00', 'PENDING', 240, 5),
(143, 4, '2028-09-23 00:00:00', NULL, '4800.00', 'PENDING', 240, 5),
(144, 4, '2028-10-23 00:00:00', NULL, '4800.00', 'PENDING', 240, 5),
(145, 4, '2028-11-23 00:00:00', NULL, '4800.00', 'PENDING', 240, 5),
(146, 4, '2028-12-23 00:00:00', NULL, '4800.00', 'PENDING', 240, 5),
(147, 4, '2029-01-23 00:00:00', NULL, '4800.00', 'PENDING', 240, 5),
(148, 4, '2029-02-23 00:00:00', NULL, '4800.00', 'PENDING', 240, 5),
(149, 4, '2029-03-23 00:00:00', NULL, '4800.00', 'PENDING', 240, 5),
(150, 4, '2029-04-23 00:00:00', NULL, '4800.00', 'PENDING', 240, 5),
(151, 4, '2029-05-23 00:00:00', NULL, '4800.00', 'PENDING', 240, 5),
(152, 4, '2029-06-23 00:00:00', NULL, '4800.00', 'PENDING', 240, 5),
(153, 4, '2029-07-23 00:00:00', NULL, '4800.00', 'PENDING', 240, 5),
(154, 4, '2029-08-23 00:00:00', NULL, '4800.00', 'PENDING', 240, 5),
(155, 4, '2029-09-23 00:00:00', NULL, '4800.00', 'PENDING', 240, 5),
(156, 4, '2029-10-23 00:00:00', NULL, '4800.00', 'PENDING', 240, 5),
(157, 4, '2029-11-23 00:00:00', NULL, '4800.00', 'PENDING', 240, 5),
(158, 4, '2029-12-23 00:00:00', NULL, '4800.00', 'PENDING', 240, 5),
(159, 4, '2030-01-23 00:00:00', NULL, '4800.00', 'PENDING', 240, 5),
(160, 4, '2030-02-23 00:00:00', NULL, '4800.00', 'PENDING', 240, 5),
(161, 4, '2030-03-23 00:00:00', NULL, '4800.00', 'PENDING', 240, 5),
(162, 4, '2030-04-23 00:00:00', NULL, '4800.00', 'PENDING', 240, 5),
(163, 4, '2030-05-23 00:00:00', NULL, '4800.00', 'PENDING', 240, 5),
(164, 4, '2030-06-23 00:00:00', NULL, '4800.00', 'PENDING', 240, 5),
(165, 4, '2030-07-23 00:00:00', NULL, '4800.00', 'PENDING', 240, 5),
(166, 4, '2030-08-23 00:00:00', NULL, '4800.00', 'PENDING', 240, 5),
(167, 4, '2030-09-23 00:00:00', NULL, '4800.00', 'PENDING', 240, 5),
(168, 4, '2030-10-23 00:00:00', NULL, '4800.00', 'PENDING', 240, 5),
(169, 4, '2030-11-23 00:00:00', NULL, '4800.00', 'PENDING', 240, 5),
(170, 4, '2030-12-23 00:00:00', NULL, '4800.00', 'PENDING', 240, 5),
(171, 4, '2031-01-23 00:00:00', NULL, '4800.00', 'PENDING', 240, 5),
(172, 4, '2031-02-23 00:00:00', NULL, '4800.00', 'PENDING', 240, 5),
(173, 4, '2031-03-23 00:00:00', NULL, '4800.00', 'PENDING', 240, 5),
(174, 4, '2031-04-23 00:00:00', NULL, '4800.00', 'PENDING', 240, 5),
(175, 4, '2031-05-23 00:00:00', NULL, '4800.00', 'PENDING', 240, 5),
(176, 4, '2031-06-23 00:00:00', NULL, '4800.00', 'PENDING', 240, 5),
(177, 4, '2031-07-23 00:00:00', NULL, '4800.00', 'PENDING', 240, 5),
(178, 4, '2031-08-23 00:00:00', NULL, '4800.00', 'PENDING', 240, 5),
(179, 4, '2031-09-23 00:00:00', NULL, '4800.00', 'PENDING', 240, 5),
(180, 4, '2031-10-23 00:00:00', NULL, '4800.00', 'PENDING', 240, 5),
(181, 4, '2031-11-23 00:00:00', NULL, '4800.00', 'PENDING', 240, 5),
(182, 4, '2031-12-23 00:00:00', NULL, '4800.00', 'PENDING', 240, 5),
(183, 4, '2032-01-23 00:00:00', NULL, '4800.00', 'PENDING', 240, 5),
(184, 4, '2032-02-23 00:00:00', NULL, '4800.00', 'PENDING', 240, 5),
(185, 4, '2032-03-23 00:00:00', NULL, '4800.00', 'PENDING', 240, 5),
(186, 4, '2032-04-23 00:00:00', NULL, '4800.00', 'PENDING', 240, 5),
(187, 4, '2032-05-23 00:00:00', NULL, '4800.00', 'PENDING', 240, 5),
(188, 4, '2032-06-23 00:00:00', NULL, '4800.00', 'PENDING', 240, 5),
(189, 4, '2032-07-23 00:00:00', NULL, '4800.00', 'PENDING', 240, 5),
(190, 4, '2032-08-23 00:00:00', NULL, '4800.00', 'PENDING', 240, 5),
(191, 4, '2032-09-23 00:00:00', NULL, '4800.00', 'PENDING', 240, 5),
(192, 4, '2032-10-23 00:00:00', NULL, '4800.00', 'PENDING', 240, 5),
(193, 4, '2032-11-23 00:00:00', NULL, '4800.00', 'PENDING', 240, 5),
(194, 4, '2032-12-23 00:00:00', NULL, '4800.00', 'PENDING', 240, 5),
(195, 4, '2033-01-23 00:00:00', NULL, '4800.00', 'PENDING', 240, 5),
(196, 4, '2033-02-23 00:00:00', NULL, '4800.00', 'PENDING', 240, 5),
(197, 4, '2033-03-23 00:00:00', NULL, '4800.00', 'PENDING', 240, 5),
(198, 4, '2033-04-23 00:00:00', NULL, '4800.00', 'PENDING', 240, 5),
(199, 4, '2033-05-23 00:00:00', NULL, '4800.00', 'PENDING', 240, 5),
(200, 4, '2033-06-23 00:00:00', NULL, '4800.00', 'PENDING', 240, 5),
(201, 4, '2033-07-23 00:00:00', NULL, '4800.00', 'PENDING', 240, 5),
(202, 4, '2033-08-23 00:00:00', NULL, '4800.00', 'PENDING', 240, 5),
(203, 4, '2033-09-23 00:00:00', NULL, '4800.00', 'PENDING', 240, 5),
(204, 4, '2033-10-23 00:00:00', NULL, '4800.00', 'PENDING', 240, 5),
(205, 4, '2033-11-23 00:00:00', NULL, '4800.00', 'PENDING', 240, 5),
(206, 4, '2033-12-23 00:00:00', NULL, '4800.00', 'PENDING', 240, 5),
(207, 4, '2034-01-23 00:00:00', NULL, '4800.00', 'PENDING', 240, 5),
(208, 4, '2034-02-23 00:00:00', NULL, '4800.00', 'PENDING', 240, 5),
(209, 4, '2034-03-23 00:00:00', NULL, '4800.00', 'PENDING', 240, 5),
(210, 4, '2034-04-23 00:00:00', NULL, '4800.00', 'PENDING', 240, 5),
(211, 4, '2034-05-23 00:00:00', NULL, '4800.00', 'PENDING', 240, 5),
(212, 4, '2034-06-23 00:00:00', NULL, '4800.00', 'PENDING', 240, 5),
(213, 4, '2034-07-23 00:00:00', NULL, '4800.00', 'PENDING', 240, 5),
(214, 4, '2034-08-23 00:00:00', NULL, '4800.00', 'PENDING', 240, 5),
(215, 4, '2034-09-23 00:00:00', NULL, '4800.00', 'PENDING', 240, 5),
(216, 4, '2034-10-23 00:00:00', NULL, '4800.00', 'PENDING', 240, 5),
(217, 4, '2034-11-23 00:00:00', NULL, '4800.00', 'PENDING', 240, 5),
(218, 4, '2034-12-23 00:00:00', NULL, '4800.00', 'PENDING', 240, 5),
(219, 4, '2035-01-23 00:00:00', NULL, '4800.00', 'PENDING', 240, 5),
(220, 4, '2035-02-23 00:00:00', NULL, '4800.00', 'PENDING', 240, 5),
(221, 4, '2035-03-23 00:00:00', NULL, '4800.00', 'PENDING', 240, 5),
(222, 4, '2035-04-23 00:00:00', NULL, '4800.00', 'PENDING', 240, 5),
(223, 4, '2035-05-23 00:00:00', NULL, '4800.00', 'PENDING', 240, 5),
(224, 4, '2035-06-23 00:00:00', NULL, '4800.00', 'PENDING', 240, 5),
(225, 4, '2035-07-23 00:00:00', NULL, '4800.00', 'PENDING', 240, 5),
(226, 4, '2035-08-23 00:00:00', NULL, '4800.00', 'PENDING', 240, 5),
(227, 4, '2035-09-23 00:00:00', NULL, '4800.00', 'PENDING', 240, 5),
(228, 4, '2035-10-23 00:00:00', NULL, '4800.00', 'PENDING', 240, 5),
(229, 4, '2035-11-23 00:00:00', NULL, '4800.00', 'PENDING', 240, 5),
(230, 4, '2035-12-23 00:00:00', NULL, '4800.00', 'PENDING', 240, 5),
(231, 4, '2036-01-23 00:00:00', NULL, '4800.00', 'PENDING', 240, 5),
(232, 4, '2036-02-23 00:00:00', NULL, '4800.00', 'PENDING', 240, 5),
(233, 4, '2036-03-23 00:00:00', NULL, '4800.00', 'PENDING', 240, 5),
(234, 4, '2036-04-23 00:00:00', NULL, '4800.00', 'PENDING', 240, 5),
(235, 4, '2036-05-23 00:00:00', NULL, '4800.00', 'PENDING', 240, 5),
(236, 4, '2036-06-23 00:00:00', NULL, '4800.00', 'PENDING', 240, 5),
(237, 4, '2036-07-23 00:00:00', NULL, '4800.00', 'PENDING', 240, 5),
(238, 4, '2036-08-23 00:00:00', NULL, '4800.00', 'PENDING', 240, 5),
(239, 4, '2036-09-23 00:00:00', NULL, '4800.00', 'PENDING', 240, 5),
(240, 4, '2036-10-23 00:00:00', NULL, '4800.00', 'PENDING', 240, 5),
(241, 4, '2036-11-23 00:00:00', NULL, '4800.00', 'PENDING', 240, 5),
(242, 4, '2036-12-23 00:00:00', NULL, '4800.00', 'PENDING', 240, 5),
(243, 4, '2037-01-23 00:00:00', NULL, '4800.00', 'PENDING', 240, 5),
(244, 4, '2037-02-23 00:00:00', NULL, '4800.00', 'PENDING', 240, 5),
(245, 4, '2037-03-23 00:00:00', NULL, '4800.00', 'PENDING', 240, 5),
(246, 4, '2037-04-23 00:00:00', NULL, '4800.00', 'PENDING', 240, 5),
(247, 4, '2037-05-23 00:00:00', NULL, '4800.00', 'PENDING', 240, 5),
(248, 4, '2037-06-23 00:00:00', NULL, '4800.00', 'PENDING', 240, 5),
(249, 4, '2037-07-23 00:00:00', NULL, '4800.00', 'PENDING', 240, 5),
(250, 4, '2037-08-23 00:00:00', NULL, '4800.00', 'PENDING', 240, 5),
(251, 4, '2037-09-23 00:00:00', NULL, '4800.00', 'PENDING', 240, 5),
(252, 4, '2037-10-23 00:00:00', NULL, '4800.00', 'PENDING', 240, 5),
(253, 4, '2037-11-23 00:00:00', NULL, '4800.00', 'PENDING', 240, 5),
(254, 4, '2037-12-23 00:00:00', NULL, '4800.00', 'PENDING', 240, 5),
(255, 4, '2038-01-23 00:00:00', NULL, '4800.00', 'PENDING', 240, 5),
(256, 4, '2038-02-23 00:00:00', NULL, '4800.00', 'PENDING', 240, 5),
(257, 4, '2038-03-23 00:00:00', NULL, '4800.00', 'PENDING', 240, 5),
(258, 4, '2038-04-23 00:00:00', NULL, '4800.00', 'PENDING', 240, 5),
(259, 4, '2038-05-23 00:00:00', NULL, '4800.00', 'PENDING', 240, 5),
(260, 4, '2038-06-23 00:00:00', NULL, '4800.00', 'PENDING', 240, 5),
(261, 4, '2038-07-23 00:00:00', NULL, '4800.00', 'PENDING', 240, 5),
(262, 4, '2038-08-23 00:00:00', NULL, '4800.00', 'PENDING', 240, 5),
(263, 4, '2038-09-23 00:00:00', NULL, '4800.00', 'PENDING', 240, 5),
(264, 4, '2038-10-23 00:00:00', NULL, '4800.00', 'PENDING', 240, 5),
(265, 4, '2038-11-23 00:00:00', NULL, '4800.00', 'PENDING', 240, 5),
(266, 4, '2038-12-23 00:00:00', NULL, '4800.00', 'PENDING', 240, 5),
(267, 4, '2039-01-23 00:00:00', NULL, '4800.00', 'PENDING', 240, 5),
(268, 4, '2039-02-23 00:00:00', NULL, '4800.00', 'PENDING', 240, 5),
(269, 4, '2039-03-23 00:00:00', NULL, '4800.00', 'PENDING', 240, 5),
(270, 4, '2039-04-23 00:00:00', NULL, '4800.00', 'PENDING', 240, 5),
(271, 4, '2039-05-23 00:00:00', NULL, '4800.00', 'PENDING', 240, 5),
(272, 4, '2039-06-23 00:00:00', NULL, '4800.00', 'PENDING', 240, 5),
(273, 4, '2039-07-23 00:00:00', NULL, '4800.00', 'PENDING', 240, 5),
(274, 4, '2039-08-23 00:00:00', NULL, '4800.00', 'PENDING', 240, 5),
(275, 4, '2039-09-23 00:00:00', NULL, '4800.00', 'PENDING', 240, 5),
(276, 4, '2039-10-23 00:00:00', NULL, '4800.00', 'PENDING', 240, 5),
(277, 4, '2039-11-23 00:00:00', NULL, '4800.00', 'PENDING', 240, 5),
(278, 4, '2039-12-23 00:00:00', NULL, '4800.00', 'PENDING', 240, 5),
(279, 4, '2040-01-23 00:00:00', NULL, '4800.00', 'PENDING', 240, 5),
(280, 4, '2040-02-23 00:00:00', NULL, '4800.00', 'PENDING', 240, 5),
(281, 4, '2040-03-23 00:00:00', NULL, '4800.00', 'PENDING', 240, 5),
(282, 4, '2040-04-23 00:00:00', NULL, '4800.00', 'PENDING', 240, 5),
(283, 4, '2040-05-23 00:00:00', NULL, '4800.00', 'PENDING', 240, 5),
(284, 4, '2040-06-23 00:00:00', NULL, '4800.00', 'PENDING', 240, 5),
(285, 4, '2040-07-23 00:00:00', NULL, '4800.00', 'PENDING', 240, 5),
(286, 4, '2040-08-23 00:00:00', NULL, '4800.00', 'PENDING', 240, 5),
(287, 4, '2040-09-23 00:00:00', NULL, '4800.00', 'PENDING', 240, 5),
(288, 4, '2040-10-23 00:00:00', NULL, '4800.00', 'PENDING', 240, 5),
(289, 4, '2040-11-23 00:00:00', NULL, '4800.00', 'PENDING', 240, 5),
(290, 4, '2040-12-23 00:00:00', NULL, '4800.00', 'PENDING', 240, 5),
(291, 4, '2041-01-23 00:00:00', NULL, '4800.00', 'PENDING', 240, 5),
(292, 4, '2041-02-23 00:00:00', NULL, '4800.00', 'PENDING', 240, 5),
(293, 4, '2041-03-23 00:00:00', NULL, '4800.00', 'PENDING', 240, 5),
(294, 4, '2041-04-23 00:00:00', NULL, '4800.00', 'PENDING', 240, 5),
(295, 4, '2041-05-23 00:00:00', NULL, '4800.00', 'PENDING', 240, 5),
(296, 4, '2041-06-23 00:00:00', NULL, '4800.00', 'PENDING', 240, 5),
(297, 4, '2041-07-23 00:00:00', NULL, '4800.00', 'PENDING', 240, 5),
(298, 4, '2041-08-23 00:00:00', NULL, '4800.00', 'PENDING', 240, 5),
(299, 4, '2041-09-23 00:00:00', NULL, '4800.00', 'PENDING', 240, 5),
(300, 4, '2041-10-23 00:00:00', NULL, '4800.00', 'PENDING', 240, 5),
(301, 4, '2041-11-23 00:00:00', NULL, '4800.00', 'PENDING', 240, 5),
(302, 4, '2041-12-23 00:00:00', NULL, '4800.00', 'PENDING', 240, 5),
(303, 4, '2042-01-23 00:00:00', NULL, '4800.00', 'PENDING', 240, 5),
(304, 4, '2042-02-23 00:00:00', NULL, '4800.00', 'PENDING', 240, 5),
(305, 4, '2042-03-23 00:00:00', NULL, '4800.00', 'PENDING', 240, 5),
(306, 4, '2042-04-23 00:00:00', NULL, '4800.00', 'PENDING', 240, 5),
(307, 4, '2042-05-23 00:00:00', NULL, '4800.00', 'PENDING', 240, 5),
(308, 4, '2042-06-23 00:00:00', NULL, '4800.00', 'PENDING', 240, 5),
(309, 4, '2042-07-23 00:00:00', NULL, '4800.00', 'PENDING', 240, 5),
(310, 4, '2042-08-23 00:00:00', NULL, '4800.00', 'PENDING', 240, 5),
(311, 4, '2042-09-23 00:00:00', NULL, '4800.00', 'PENDING', 240, 5),
(312, 4, '2042-10-23 00:00:00', NULL, '4800.00', 'PENDING', 240, 5),
(313, 4, '2042-11-23 00:00:00', NULL, '4800.00', 'PENDING', 240, 5),
(314, 4, '2042-12-23 00:00:00', NULL, '4800.00', 'PENDING', 240, 5),
(315, 4, '2043-01-23 00:00:00', NULL, '4800.00', 'PENDING', 240, 5),
(316, 4, '2043-02-23 00:00:00', NULL, '4800.00', 'PENDING', 240, 5),
(317, 4, '2043-03-23 00:00:00', NULL, '4800.00', 'PENDING', 240, 5),
(318, 4, '2043-04-23 00:00:00', NULL, '4800.00', 'PENDING', 240, 5),
(319, 4, '2043-05-23 00:00:00', NULL, '4800.00', 'PENDING', 240, 5),
(320, 4, '2043-06-23 00:00:00', NULL, '4800.00', 'PENDING', 240, 5),
(321, 4, '2043-07-23 00:00:00', NULL, '4800.00', 'PENDING', 240, 5),
(322, 4, '2043-08-23 00:00:00', NULL, '4800.00', 'PENDING', 240, 5),
(323, 4, '2043-09-23 00:00:00', NULL, '4800.00', 'PENDING', 240, 5),
(324, 4, '2043-10-23 00:00:00', NULL, '4800.00', 'PENDING', 240, 5),
(325, 4, '2043-11-23 00:00:00', NULL, '4800.00', 'PENDING', 240, 5),
(326, 4, '2043-12-23 00:00:00', NULL, '4800.00', 'PENDING', 240, 5),
(327, 4, '2044-01-23 00:00:00', NULL, '4800.00', 'PENDING', 240, 5),
(328, 4, '2044-02-23 00:00:00', NULL, '4800.00', 'PENDING', 240, 5),
(329, 4, '2044-03-23 00:00:00', NULL, '4800.00', 'PENDING', 240, 5),
(330, 4, '2044-04-23 00:00:00', NULL, '4800.00', 'PENDING', 240, 5),
(331, 4, '2044-05-23 00:00:00', NULL, '4800.00', 'PENDING', 240, 5),
(332, 4, '2044-06-23 00:00:00', NULL, '4800.00', 'PENDING', 240, 5),
(333, 4, '2044-07-23 00:00:00', NULL, '4800.00', 'PENDING', 240, 5),
(334, 4, '2044-08-23 00:00:00', NULL, '4800.00', 'PENDING', 240, 5),
(335, 4, '2044-09-23 00:00:00', NULL, '4800.00', 'PENDING', 240, 5),
(336, 4, '2044-10-23 00:00:00', NULL, '4800.00', 'PENDING', 240, 5),
(337, 4, '2044-11-23 00:00:00', NULL, '4800.00', 'PENDING', 240, 5),
(338, 4, '2044-12-23 00:00:00', NULL, '4800.00', 'PENDING', 240, 5),
(339, 4, '2045-01-23 00:00:00', NULL, '4800.00', 'PENDING', 240, 5),
(340, 4, '2045-02-23 00:00:00', NULL, '4800.00', 'PENDING', 240, 5),
(341, 4, '2045-03-23 00:00:00', NULL, '4800.00', 'PENDING', 240, 5),
(342, 4, '2045-04-23 00:00:00', NULL, '4800.00', 'PENDING', 240, 5),
(343, 4, '2045-05-23 00:00:00', NULL, '4800.00', 'PENDING', 240, 5),
(344, 4, '2045-06-23 00:00:00', NULL, '4800.00', 'PENDING', 240, 5),
(345, 4, '2045-07-23 00:00:00', NULL, '4800.00', 'PENDING', 240, 5),
(346, 4, '2045-08-23 00:00:00', NULL, '4800.00', 'PENDING', 240, 5),
(347, 4, '2045-09-23 00:00:00', NULL, '4800.00', 'PENDING', 240, 5),
(348, 4, '2045-10-23 00:00:00', NULL, '4800.00', 'PENDING', 240, 5),
(349, 4, '2045-11-23 00:00:00', NULL, '4800.00', 'PENDING', 240, 5),
(350, 4, '2045-12-23 00:00:00', NULL, '4800.00', 'PENDING', 240, 5),
(351, 4, '2046-01-23 00:00:00', NULL, '4800.00', 'PENDING', 240, 5),
(352, 4, '2046-02-23 00:00:00', NULL, '4800.00', 'PENDING', 240, 5),
(353, 4, '2046-03-23 00:00:00', NULL, '4800.00', 'PENDING', 240, 5),
(354, 4, '2046-04-23 00:00:00', NULL, '4800.00', 'PENDING', 240, 5),
(355, 4, '2046-05-23 00:00:00', NULL, '4800.00', 'PENDING', 240, 5),
(356, 4, '2046-06-23 00:00:00', NULL, '4800.00', 'PENDING', 240, 5),
(357, 4, '2046-07-23 00:00:00', NULL, '4800.00', 'PENDING', 240, 5),
(358, 4, '2046-08-23 00:00:00', NULL, '4800.00', 'PENDING', 240, 5),
(359, 4, '2046-09-23 00:00:00', NULL, '4800.00', 'PENDING', 240, 5),
(360, 4, '2046-10-23 00:00:00', NULL, '4800.00', 'PENDING', 240, 5),
(361, 4, '2046-11-23 00:00:00', NULL, '4800.00', 'PENDING', 240, 5),
(362, 4, '2046-12-23 00:00:00', NULL, '4800.00', 'PENDING', 240, 5),
(363, 4, '2047-01-23 00:00:00', NULL, '4800.00', 'PENDING', 240, 5),
(364, 4, '2047-02-23 00:00:00', NULL, '4800.00', 'PENDING', 240, 5),
(365, 4, '2047-03-23 00:00:00', NULL, '4800.00', 'PENDING', 240, 5),
(366, 4, '2047-04-23 00:00:00', NULL, '4800.00', 'PENDING', 240, 5),
(367, 4, '2047-05-23 00:00:00', NULL, '4800.00', 'PENDING', 240, 5),
(368, 4, '2047-06-23 00:00:00', NULL, '4800.00', 'PENDING', 240, 5),
(369, 4, '2047-07-23 00:00:00', NULL, '4800.00', 'PENDING', 240, 5),
(370, 4, '2047-08-23 00:00:00', NULL, '4800.00', 'PENDING', 240, 5),
(371, 4, '2047-09-23 00:00:00', NULL, '4800.00', 'PENDING', 240, 5),
(372, 4, '2047-10-23 00:00:00', NULL, '4800.00', 'PENDING', 240, 5),
(373, 4, '2047-11-23 00:00:00', NULL, '4800.00', 'PENDING', 240, 5),
(374, 4, '2047-12-23 00:00:00', NULL, '4800.00', 'PENDING', 240, 5),
(375, 4, '2048-01-23 00:00:00', NULL, '4800.00', 'PENDING', 240, 5),
(376, 4, '2048-02-23 00:00:00', NULL, '4800.00', 'PENDING', 240, 5),
(377, 4, '2048-03-23 00:00:00', NULL, '4800.00', 'PENDING', 240, 5),
(378, 4, '2048-04-23 00:00:00', NULL, '4800.00', 'PENDING', 240, 5),
(379, 4, '2048-05-23 00:00:00', NULL, '4800.00', 'PENDING', 240, 5),
(380, 4, '2048-06-23 00:00:00', NULL, '4800.00', 'PENDING', 240, 5),
(381, 4, '2048-07-23 00:00:00', NULL, '4800.00', 'PENDING', 240, 5),
(382, 4, '2048-08-23 00:00:00', NULL, '4800.00', 'PENDING', 240, 5),
(383, 4, '2048-09-23 00:00:00', NULL, '4800.00', 'PENDING', 240, 5),
(384, 4, '2048-10-23 00:00:00', NULL, '4800.00', 'PENDING', 240, 5),
(385, 4, '2048-11-23 00:00:00', NULL, '4800.00', 'PENDING', 240, 5),
(386, 4, '2048-12-23 00:00:00', NULL, '4800.00', 'PENDING', 240, 5),
(387, 4, '2049-01-23 00:00:00', NULL, '4800.00', 'PENDING', 240, 5),
(388, 4, '2049-02-23 00:00:00', NULL, '4800.00', 'PENDING', 240, 5),
(389, 4, '2049-03-23 00:00:00', NULL, '4800.00', 'PENDING', 240, 5),
(390, 4, '2049-04-23 00:00:00', NULL, '4800.00', 'PENDING', 240, 5),
(391, 4, '2049-05-23 00:00:00', NULL, '4800.00', 'PENDING', 240, 5),
(392, 4, '2049-06-23 00:00:00', NULL, '4800.00', 'PENDING', 240, 5),
(393, 4, '2049-07-23 00:00:00', NULL, '4800.00', 'PENDING', 240, 5),
(394, 4, '2049-08-23 00:00:00', NULL, '4800.00', 'PENDING', 240, 5),
(395, 4, '2049-09-23 00:00:00', NULL, '4800.00', 'PENDING', 240, 5),
(396, 4, '2049-10-23 00:00:00', NULL, '4800.00', 'PENDING', 240, 5),
(397, 4, '2049-11-23 00:00:00', NULL, '4800.00', 'PENDING', 240, 5),
(398, 1, '2019-12-27 00:00:00', NULL, '8000.00', 'PENDING', 1, 12),
(399, 3, '2019-12-27 00:00:00', NULL, '4800.00', 'PENDING', 1, 12),
(400, 3, '2020-01-27 00:00:00', NULL, '4800.00', 'PENDING', 1, 12),
(401, 3, '2020-02-27 00:00:00', NULL, '4800.00', 'PENDING', 1, 12),
(402, 3, '2020-03-27 00:00:00', NULL, '4800.00', 'PENDING', 1, 12),
(403, 3, '2020-04-27 00:00:00', NULL, '4800.00', 'PENDING', 1, 12),
(404, 3, '2020-05-27 00:00:00', NULL, '4800.00', 'PENDING', 1, 12),
(405, 3, '2020-06-27 00:00:00', NULL, '4800.00', 'PENDING', 1, 12),
(406, 3, '2020-07-27 00:00:00', NULL, '4800.00', 'PENDING', 1, 12),
(407, 3, '2020-08-27 00:00:00', NULL, '4800.00', 'PENDING', 1, 12),
(408, 3, '2020-09-27 00:00:00', NULL, '4800.00', 'PENDING', 1, 12),
(409, 3, '2020-10-27 00:00:00', NULL, '4800.00', 'PENDING', 1, 12),
(410, 3, '2020-11-27 00:00:00', NULL, '4800.00', 'PENDING', 1, 12),
(411, 3, '2020-12-27 00:00:00', NULL, '4800.00', 'PENDING', 1, 12),
(412, 3, '2021-01-27 00:00:00', NULL, '4800.00', 'PENDING', 1, 12),
(413, 3, '2021-02-27 00:00:00', NULL, '4800.00', 'PENDING', 1, 12),
(414, 3, '2021-03-27 00:00:00', NULL, '4800.00', 'PENDING', 1, 12),
(415, 3, '2021-04-27 00:00:00', NULL, '4800.00', 'PENDING', 1, 12),
(416, 3, '2021-05-27 00:00:00', NULL, '4800.00', 'PENDING', 1, 12),
(417, 3, '2021-06-27 00:00:00', NULL, '4800.00', 'PENDING', 1, 12),
(418, 3, '2021-07-27 00:00:00', NULL, '4800.00', 'PENDING', 1, 12),
(419, 3, '2021-08-27 00:00:00', NULL, '4800.00', 'PENDING', 1, 12),
(420, 3, '2021-09-27 00:00:00', NULL, '4800.00', 'PENDING', 1, 12),
(421, 3, '2021-10-27 00:00:00', NULL, '4800.00', 'PENDING', 1, 12),
(422, 3, '2021-11-27 00:00:00', NULL, '4800.00', 'PENDING', 1, 12),
(423, 3, '2021-12-27 00:00:00', NULL, '4800.00', 'PENDING', 1, 12),
(424, 3, '2022-01-27 00:00:00', NULL, '4800.00', 'PENDING', 1, 12),
(425, 3, '2022-02-27 00:00:00', NULL, '4800.00', 'PENDING', 1, 12),
(426, 3, '2022-03-27 00:00:00', NULL, '4800.00', 'PENDING', 1, 12),
(427, 3, '2022-04-27 00:00:00', NULL, '4800.00', 'PENDING', 1, 12),
(428, 3, '2022-05-27 00:00:00', NULL, '4800.00', 'PENDING', 1, 12),
(429, 3, '2022-06-27 00:00:00', NULL, '4800.00', 'PENDING', 1, 12),
(430, 3, '2022-07-27 00:00:00', NULL, '4800.00', 'PENDING', 1, 12),
(431, 3, '2022-08-27 00:00:00', NULL, '4800.00', 'PENDING', 1, 12),
(432, 3, '2022-09-27 00:00:00', NULL, '4800.00', 'PENDING', 1, 12),
(433, 3, '2022-10-27 00:00:00', NULL, '4800.00', 'PENDING', 1, 12),
(434, 3, '2022-11-27 00:00:00', NULL, '4800.00', 'PENDING', 1, 12),
(435, 4, '2019-12-27 00:00:00', NULL, '4800.00', 'PENDING', 1, 12),
(436, 4, '2020-01-27 00:00:00', NULL, '4800.00', 'PENDING', 1, 12),
(437, 4, '2020-02-27 00:00:00', NULL, '4800.00', 'PENDING', 1, 12),
(438, 4, '2020-03-27 00:00:00', NULL, '4800.00', 'PENDING', 1, 12),
(439, 4, '2020-04-27 00:00:00', NULL, '4800.00', 'PENDING', 1, 12),
(440, 4, '2020-05-27 00:00:00', NULL, '4800.00', 'PENDING', 1, 12),
(441, 4, '2020-06-27 00:00:00', NULL, '4800.00', 'PENDING', 1, 12),
(442, 4, '2020-07-27 00:00:00', NULL, '4800.00', 'PENDING', 1, 12),
(443, 4, '2020-08-27 00:00:00', NULL, '4800.00', 'PENDING', 1, 12),
(444, 4, '2020-09-27 00:00:00', NULL, '4800.00', 'PENDING', 1, 12),
(445, 4, '2020-10-27 00:00:00', NULL, '4800.00', 'PENDING', 1, 12),
(446, 4, '2020-11-27 00:00:00', NULL, '4800.00', 'PENDING', 1, 12),
(447, 4, '2020-12-27 00:00:00', NULL, '4800.00', 'PENDING', 1, 12),
(448, 4, '2021-01-27 00:00:00', NULL, '4800.00', 'PENDING', 1, 12),
(449, 4, '2021-02-27 00:00:00', NULL, '4800.00', 'PENDING', 1, 12),
(450, 4, '2021-03-27 00:00:00', NULL, '4800.00', 'PENDING', 1, 12),
(451, 4, '2021-04-27 00:00:00', NULL, '4800.00', 'PENDING', 1, 12),
(452, 4, '2021-05-27 00:00:00', NULL, '4800.00', 'PENDING', 1, 12),
(453, 4, '2021-06-27 00:00:00', NULL, '4800.00', 'PENDING', 1, 12),
(454, 4, '2021-07-27 00:00:00', NULL, '4800.00', 'PENDING', 1, 12),
(455, 4, '2021-08-27 00:00:00', NULL, '4800.00', 'PENDING', 1, 12),
(456, 4, '2021-09-27 00:00:00', NULL, '4800.00', 'PENDING', 1, 12),
(457, 4, '2021-10-27 00:00:00', NULL, '4800.00', 'PENDING', 1, 12),
(458, 4, '2021-11-27 00:00:00', NULL, '4800.00', 'PENDING', 1, 12),
(459, 4, '2021-12-27 00:00:00', NULL, '4800.00', 'PENDING', 1, 12),
(460, 4, '2022-01-27 00:00:00', NULL, '4800.00', 'PENDING', 1, 12),
(461, 4, '2022-02-27 00:00:00', NULL, '4800.00', 'PENDING', 1, 12),
(462, 4, '2022-03-27 00:00:00', NULL, '4800.00', 'PENDING', 1, 12),
(463, 4, '2022-04-27 00:00:00', NULL, '4800.00', 'PENDING', 1, 12),
(464, 4, '2022-05-27 00:00:00', NULL, '4800.00', 'PENDING', 1, 12),
(465, 4, '2022-06-27 00:00:00', NULL, '4800.00', 'PENDING', 1, 12),
(466, 4, '2022-07-27 00:00:00', NULL, '4800.00', 'PENDING', 1, 12),
(467, 4, '2022-08-27 00:00:00', NULL, '4800.00', 'PENDING', 1, 12),
(468, 4, '2022-09-27 00:00:00', NULL, '4800.00', 'PENDING', 1, 12),
(469, 4, '2022-10-27 00:00:00', NULL, '4800.00', 'PENDING', 1, 12),
(470, 4, '2022-11-27 00:00:00', NULL, '4800.00', 'PENDING', 1, 12),
(471, 4, '2022-12-27 00:00:00', NULL, '4800.00', 'PENDING', 1, 12),
(472, 4, '2023-01-27 00:00:00', NULL, '4800.00', 'PENDING', 1, 12),
(473, 4, '2023-02-27 00:00:00', NULL, '4800.00', 'PENDING', 1, 12),
(474, 4, '2023-03-27 00:00:00', NULL, '4800.00', 'PENDING', 1, 12),
(475, 4, '2023-04-27 00:00:00', NULL, '4800.00', 'PENDING', 1, 12),
(476, 4, '2023-05-27 00:00:00', NULL, '4800.00', 'PENDING', 1, 12),
(477, 4, '2023-06-27 00:00:00', NULL, '4800.00', 'PENDING', 1, 12),
(478, 4, '2023-07-27 00:00:00', NULL, '4800.00', 'PENDING', 1, 12),
(479, 4, '2023-08-27 00:00:00', NULL, '4800.00', 'PENDING', 1, 12),
(480, 4, '2023-09-27 00:00:00', NULL, '4800.00', 'PENDING', 1, 12),
(481, 4, '2023-10-27 00:00:00', NULL, '4800.00', 'PENDING', 1, 12),
(482, 4, '2023-11-27 00:00:00', NULL, '4800.00', 'PENDING', 1, 12),
(483, 4, '2023-12-27 00:00:00', NULL, '4800.00', 'PENDING', 1, 12),
(484, 4, '2024-01-27 00:00:00', NULL, '4800.00', 'PENDING', 1, 12),
(485, 4, '2024-02-27 00:00:00', NULL, '4800.00', 'PENDING', 1, 12),
(486, 4, '2024-03-27 00:00:00', NULL, '4800.00', 'PENDING', 1, 12),
(487, 4, '2024-04-27 00:00:00', NULL, '4800.00', 'PENDING', 1, 12),
(488, 4, '2024-05-27 00:00:00', NULL, '4800.00', 'PENDING', 1, 12),
(489, 4, '2024-06-27 00:00:00', NULL, '4800.00', 'PENDING', 1, 12),
(490, 4, '2024-07-27 00:00:00', NULL, '4800.00', 'PENDING', 1, 12),
(491, 4, '2024-08-27 00:00:00', NULL, '4800.00', 'PENDING', 1, 12),
(492, 4, '2024-09-27 00:00:00', NULL, '4800.00', 'PENDING', 1, 12),
(493, 4, '2024-10-27 00:00:00', NULL, '4800.00', 'PENDING', 1, 12),
(494, 4, '2024-11-27 00:00:00', NULL, '4800.00', 'PENDING', 1, 12),
(495, 4, '2024-12-27 00:00:00', NULL, '4800.00', 'PENDING', 1, 12),
(496, 4, '2025-01-27 00:00:00', NULL, '4800.00', 'PENDING', 1, 12),
(497, 4, '2025-02-27 00:00:00', NULL, '4800.00', 'PENDING', 1, 12),
(498, 4, '2025-03-27 00:00:00', NULL, '4800.00', 'PENDING', 1, 12),
(499, 4, '2025-04-27 00:00:00', NULL, '4800.00', 'PENDING', 1, 12),
(500, 4, '2025-05-27 00:00:00', NULL, '4800.00', 'PENDING', 1, 12),
(501, 4, '2025-06-27 00:00:00', NULL, '4800.00', 'PENDING', 1, 12),
(502, 4, '2025-07-27 00:00:00', NULL, '4800.00', 'PENDING', 1, 12),
(503, 4, '2025-08-27 00:00:00', NULL, '4800.00', 'PENDING', 1, 12),
(504, 4, '2025-09-27 00:00:00', NULL, '4800.00', 'PENDING', 1, 12),
(505, 4, '2025-10-27 00:00:00', NULL, '4800.00', 'PENDING', 1, 12),
(506, 4, '2025-11-27 00:00:00', NULL, '4800.00', 'PENDING', 1, 12),
(507, 4, '2025-12-27 00:00:00', NULL, '4800.00', 'PENDING', 1, 12),
(508, 4, '2026-01-27 00:00:00', NULL, '4800.00', 'PENDING', 1, 12),
(509, 4, '2026-02-27 00:00:00', NULL, '4800.00', 'PENDING', 1, 12),
(510, 4, '2026-03-27 00:00:00', NULL, '4800.00', 'PENDING', 1, 12),
(511, 4, '2026-04-27 00:00:00', NULL, '4800.00', 'PENDING', 1, 12),
(512, 4, '2026-05-27 00:00:00', NULL, '4800.00', 'PENDING', 1, 12),
(513, 4, '2026-06-27 00:00:00', NULL, '4800.00', 'PENDING', 1, 12),
(514, 4, '2026-07-27 00:00:00', NULL, '4800.00', 'PENDING', 1, 12),
(515, 4, '2026-08-27 00:00:00', NULL, '4800.00', 'PENDING', 1, 12),
(516, 4, '2026-09-27 00:00:00', NULL, '4800.00', 'PENDING', 1, 12),
(517, 4, '2026-10-27 00:00:00', NULL, '4800.00', 'PENDING', 1, 12),
(518, 4, '2026-11-27 00:00:00', NULL, '4800.00', 'PENDING', 1, 12),
(519, 4, '2026-12-27 00:00:00', NULL, '4800.00', 'PENDING', 1, 12),
(520, 4, '2027-01-27 00:00:00', NULL, '4800.00', 'PENDING', 1, 12),
(521, 4, '2027-02-27 00:00:00', NULL, '4800.00', 'PENDING', 1, 12),
(522, 4, '2027-03-27 00:00:00', NULL, '4800.00', 'PENDING', 1, 12),
(523, 4, '2027-04-27 00:00:00', NULL, '4800.00', 'PENDING', 1, 12),
(524, 4, '2027-05-27 00:00:00', NULL, '4800.00', 'PENDING', 1, 12),
(525, 4, '2027-06-27 00:00:00', NULL, '4800.00', 'PENDING', 1, 12),
(526, 4, '2027-07-27 00:00:00', NULL, '4800.00', 'PENDING', 1, 12),
(527, 4, '2027-08-27 00:00:00', NULL, '4800.00', 'PENDING', 1, 12),
(528, 4, '2027-09-27 00:00:00', NULL, '4800.00', 'PENDING', 1, 12),
(529, 4, '2027-10-27 00:00:00', NULL, '4800.00', 'PENDING', 1, 12),
(530, 4, '2027-11-27 00:00:00', NULL, '4800.00', 'PENDING', 1, 12),
(531, 4, '2027-12-27 00:00:00', NULL, '4800.00', 'PENDING', 1, 12),
(532, 4, '2028-01-27 00:00:00', NULL, '4800.00', 'PENDING', 1, 12),
(533, 4, '2028-02-27 00:00:00', NULL, '4800.00', 'PENDING', 1, 12),
(534, 4, '2028-03-27 00:00:00', NULL, '4800.00', 'PENDING', 1, 12),
(535, 4, '2028-04-27 00:00:00', NULL, '4800.00', 'PENDING', 1, 12),
(536, 4, '2028-05-27 00:00:00', NULL, '4800.00', 'PENDING', 1, 12),
(537, 4, '2028-06-27 00:00:00', NULL, '4800.00', 'PENDING', 1, 12),
(538, 4, '2028-07-27 00:00:00', NULL, '4800.00', 'PENDING', 1, 12),
(539, 4, '2028-08-27 00:00:00', NULL, '4800.00', 'PENDING', 1, 12),
(540, 4, '2028-09-27 00:00:00', NULL, '4800.00', 'PENDING', 1, 12),
(541, 4, '2028-10-27 00:00:00', NULL, '4800.00', 'PENDING', 1, 12),
(542, 4, '2028-11-27 00:00:00', NULL, '4800.00', 'PENDING', 1, 12),
(543, 4, '2028-12-27 00:00:00', NULL, '4800.00', 'PENDING', 1, 12),
(544, 4, '2029-01-27 00:00:00', NULL, '4800.00', 'PENDING', 1, 12),
(545, 4, '2029-02-27 00:00:00', NULL, '4800.00', 'PENDING', 1, 12),
(546, 4, '2029-03-27 00:00:00', NULL, '4800.00', 'PENDING', 1, 12),
(547, 4, '2029-04-27 00:00:00', NULL, '4800.00', 'PENDING', 1, 12),
(548, 4, '2029-05-27 00:00:00', NULL, '4800.00', 'PENDING', 1, 12),
(549, 4, '2029-06-27 00:00:00', NULL, '4800.00', 'PENDING', 1, 12),
(550, 4, '2029-07-27 00:00:00', NULL, '4800.00', 'PENDING', 1, 12),
(551, 4, '2029-08-27 00:00:00', NULL, '4800.00', 'PENDING', 1, 12),
(552, 4, '2029-09-27 00:00:00', NULL, '4800.00', 'PENDING', 1, 12),
(553, 4, '2029-10-27 00:00:00', NULL, '4800.00', 'PENDING', 1, 12),
(554, 4, '2029-11-27 00:00:00', NULL, '4800.00', 'PENDING', 1, 12),
(555, 4, '2029-12-27 00:00:00', NULL, '4800.00', 'PENDING', 1, 12),
(556, 4, '2030-01-27 00:00:00', NULL, '4800.00', 'PENDING', 1, 12),
(557, 4, '2030-02-27 00:00:00', NULL, '4800.00', 'PENDING', 1, 12),
(558, 4, '2030-03-27 00:00:00', NULL, '4800.00', 'PENDING', 1, 12),
(559, 4, '2030-04-27 00:00:00', NULL, '4800.00', 'PENDING', 1, 12),
(560, 4, '2030-05-27 00:00:00', NULL, '4800.00', 'PENDING', 1, 12),
(561, 4, '2030-06-27 00:00:00', NULL, '4800.00', 'PENDING', 1, 12),
(562, 4, '2030-07-27 00:00:00', NULL, '4800.00', 'PENDING', 1, 12),
(563, 4, '2030-08-27 00:00:00', NULL, '4800.00', 'PENDING', 1, 12),
(564, 4, '2030-09-27 00:00:00', NULL, '4800.00', 'PENDING', 1, 12),
(565, 4, '2030-10-27 00:00:00', NULL, '4800.00', 'PENDING', 1, 12),
(566, 4, '2030-11-27 00:00:00', NULL, '4800.00', 'PENDING', 1, 12),
(567, 4, '2030-12-27 00:00:00', NULL, '4800.00', 'PENDING', 1, 12),
(568, 4, '2031-01-27 00:00:00', NULL, '4800.00', 'PENDING', 1, 12),
(569, 4, '2031-02-27 00:00:00', NULL, '4800.00', 'PENDING', 1, 12),
(570, 4, '2031-03-27 00:00:00', NULL, '4800.00', 'PENDING', 1, 12),
(571, 4, '2031-04-27 00:00:00', NULL, '4800.00', 'PENDING', 1, 12),
(572, 4, '2031-05-27 00:00:00', NULL, '4800.00', 'PENDING', 1, 12),
(573, 4, '2031-06-27 00:00:00', NULL, '4800.00', 'PENDING', 1, 12),
(574, 4, '2031-07-27 00:00:00', NULL, '4800.00', 'PENDING', 1, 12),
(575, 4, '2031-08-27 00:00:00', NULL, '4800.00', 'PENDING', 1, 12),
(576, 4, '2031-09-27 00:00:00', NULL, '4800.00', 'PENDING', 1, 12),
(577, 4, '2031-10-27 00:00:00', NULL, '4800.00', 'PENDING', 1, 12),
(578, 4, '2031-11-27 00:00:00', NULL, '4800.00', 'PENDING', 1, 12),
(579, 4, '2031-12-27 00:00:00', NULL, '4800.00', 'PENDING', 1, 12),
(580, 4, '2032-01-27 00:00:00', NULL, '4800.00', 'PENDING', 1, 12),
(581, 4, '2032-02-27 00:00:00', NULL, '4800.00', 'PENDING', 1, 12),
(582, 4, '2032-03-27 00:00:00', NULL, '4800.00', 'PENDING', 1, 12),
(583, 4, '2032-04-27 00:00:00', NULL, '4800.00', 'PENDING', 1, 12),
(584, 4, '2032-05-27 00:00:00', NULL, '4800.00', 'PENDING', 1, 12),
(585, 4, '2032-06-27 00:00:00', NULL, '4800.00', 'PENDING', 1, 12),
(586, 4, '2032-07-27 00:00:00', NULL, '4800.00', 'PENDING', 1, 12),
(587, 4, '2032-08-27 00:00:00', NULL, '4800.00', 'PENDING', 1, 12),
(588, 4, '2032-09-27 00:00:00', NULL, '4800.00', 'PENDING', 1, 12),
(589, 4, '2032-10-27 00:00:00', NULL, '4800.00', 'PENDING', 1, 12),
(590, 4, '2032-11-27 00:00:00', NULL, '4800.00', 'PENDING', 1, 12),
(591, 4, '2032-12-27 00:00:00', NULL, '4800.00', 'PENDING', 1, 12),
(592, 4, '2033-01-27 00:00:00', NULL, '4800.00', 'PENDING', 1, 12),
(593, 4, '2033-02-27 00:00:00', NULL, '4800.00', 'PENDING', 1, 12),
(594, 4, '2033-03-27 00:00:00', NULL, '4800.00', 'PENDING', 1, 12),
(595, 4, '2033-04-27 00:00:00', NULL, '4800.00', 'PENDING', 1, 12),
(596, 4, '2033-05-27 00:00:00', NULL, '4800.00', 'PENDING', 1, 12),
(597, 4, '2033-06-27 00:00:00', NULL, '4800.00', 'PENDING', 1, 12),
(598, 4, '2033-07-27 00:00:00', NULL, '4800.00', 'PENDING', 1, 12),
(599, 4, '2033-08-27 00:00:00', NULL, '4800.00', 'PENDING', 1, 12),
(600, 4, '2033-09-27 00:00:00', NULL, '4800.00', 'PENDING', 1, 12),
(601, 4, '2033-10-27 00:00:00', NULL, '4800.00', 'PENDING', 1, 12),
(602, 4, '2033-11-27 00:00:00', NULL, '4800.00', 'PENDING', 1, 12),
(603, 4, '2033-12-27 00:00:00', NULL, '4800.00', 'PENDING', 1, 12),
(604, 4, '2034-01-27 00:00:00', NULL, '4800.00', 'PENDING', 1, 12),
(605, 4, '2034-02-27 00:00:00', NULL, '4800.00', 'PENDING', 1, 12),
(606, 4, '2034-03-27 00:00:00', NULL, '4800.00', 'PENDING', 1, 12),
(607, 4, '2034-04-27 00:00:00', NULL, '4800.00', 'PENDING', 1, 12),
(608, 4, '2034-05-27 00:00:00', NULL, '4800.00', 'PENDING', 1, 12),
(609, 4, '2034-06-27 00:00:00', NULL, '4800.00', 'PENDING', 1, 12),
(610, 4, '2034-07-27 00:00:00', NULL, '4800.00', 'PENDING', 1, 12),
(611, 4, '2034-08-27 00:00:00', NULL, '4800.00', 'PENDING', 1, 12),
(612, 4, '2034-09-27 00:00:00', NULL, '4800.00', 'PENDING', 1, 12),
(613, 4, '2034-10-27 00:00:00', NULL, '4800.00', 'PENDING', 1, 12),
(614, 4, '2034-11-27 00:00:00', NULL, '4800.00', 'PENDING', 1, 12),
(615, 4, '2034-12-27 00:00:00', NULL, '4800.00', 'PENDING', 1, 12),
(616, 4, '2035-01-27 00:00:00', NULL, '4800.00', 'PENDING', 1, 12),
(617, 4, '2035-02-27 00:00:00', NULL, '4800.00', 'PENDING', 1, 12),
(618, 4, '2035-03-27 00:00:00', NULL, '4800.00', 'PENDING', 1, 12),
(619, 4, '2035-04-27 00:00:00', NULL, '4800.00', 'PENDING', 1, 12),
(620, 4, '2035-05-27 00:00:00', NULL, '4800.00', 'PENDING', 1, 12),
(621, 4, '2035-06-27 00:00:00', NULL, '4800.00', 'PENDING', 1, 12),
(622, 4, '2035-07-27 00:00:00', NULL, '4800.00', 'PENDING', 1, 12),
(623, 4, '2035-08-27 00:00:00', NULL, '4800.00', 'PENDING', 1, 12),
(624, 4, '2035-09-27 00:00:00', NULL, '4800.00', 'PENDING', 1, 12),
(625, 4, '2035-10-27 00:00:00', NULL, '4800.00', 'PENDING', 1, 12),
(626, 4, '2035-11-27 00:00:00', NULL, '4800.00', 'PENDING', 1, 12),
(627, 4, '2035-12-27 00:00:00', NULL, '4800.00', 'PENDING', 1, 12),
(628, 4, '2036-01-27 00:00:00', NULL, '4800.00', 'PENDING', 1, 12),
(629, 4, '2036-02-27 00:00:00', NULL, '4800.00', 'PENDING', 1, 12),
(630, 4, '2036-03-27 00:00:00', NULL, '4800.00', 'PENDING', 1, 12),
(631, 4, '2036-04-27 00:00:00', NULL, '4800.00', 'PENDING', 1, 12),
(632, 4, '2036-05-27 00:00:00', NULL, '4800.00', 'PENDING', 1, 12),
(633, 4, '2036-06-27 00:00:00', NULL, '4800.00', 'PENDING', 1, 12),
(634, 4, '2036-07-27 00:00:00', NULL, '4800.00', 'PENDING', 1, 12),
(635, 4, '2036-08-27 00:00:00', NULL, '4800.00', 'PENDING', 1, 12),
(636, 4, '2036-09-27 00:00:00', NULL, '4800.00', 'PENDING', 1, 12),
(637, 4, '2036-10-27 00:00:00', NULL, '4800.00', 'PENDING', 1, 12),
(638, 4, '2036-11-27 00:00:00', NULL, '4800.00', 'PENDING', 1, 12),
(639, 4, '2036-12-27 00:00:00', NULL, '4800.00', 'PENDING', 1, 12),
(640, 4, '2037-01-27 00:00:00', NULL, '4800.00', 'PENDING', 1, 12),
(641, 4, '2037-02-27 00:00:00', NULL, '4800.00', 'PENDING', 1, 12),
(642, 4, '2037-03-27 00:00:00', NULL, '4800.00', 'PENDING', 1, 12),
(643, 4, '2037-04-27 00:00:00', NULL, '4800.00', 'PENDING', 1, 12),
(644, 4, '2037-05-27 00:00:00', NULL, '4800.00', 'PENDING', 1, 12),
(645, 4, '2037-06-27 00:00:00', NULL, '4800.00', 'PENDING', 1, 12),
(646, 4, '2037-07-27 00:00:00', NULL, '4800.00', 'PENDING', 1, 12),
(647, 4, '2037-08-27 00:00:00', NULL, '4800.00', 'PENDING', 1, 12),
(648, 4, '2037-09-27 00:00:00', NULL, '4800.00', 'PENDING', 1, 12),
(649, 4, '2037-10-27 00:00:00', NULL, '4800.00', 'PENDING', 1, 12),
(650, 4, '2037-11-27 00:00:00', NULL, '4800.00', 'PENDING', 1, 12),
(651, 4, '2037-12-27 00:00:00', NULL, '4800.00', 'PENDING', 1, 12),
(652, 4, '2038-01-27 00:00:00', NULL, '4800.00', 'PENDING', 1, 12),
(653, 4, '2038-02-27 00:00:00', NULL, '4800.00', 'PENDING', 1, 12),
(654, 4, '2038-03-27 00:00:00', NULL, '4800.00', 'PENDING', 1, 12),
(655, 4, '2038-04-27 00:00:00', NULL, '4800.00', 'PENDING', 1, 12),
(656, 4, '2038-05-27 00:00:00', NULL, '4800.00', 'PENDING', 1, 12),
(657, 4, '2038-06-27 00:00:00', NULL, '4800.00', 'PENDING', 1, 12),
(658, 4, '2038-07-27 00:00:00', NULL, '4800.00', 'PENDING', 1, 12),
(659, 4, '2038-08-27 00:00:00', NULL, '4800.00', 'PENDING', 1, 12),
(660, 4, '2038-09-27 00:00:00', NULL, '4800.00', 'PENDING', 1, 12),
(661, 4, '2038-10-27 00:00:00', NULL, '4800.00', 'PENDING', 1, 12),
(662, 4, '2038-11-27 00:00:00', NULL, '4800.00', 'PENDING', 1, 12),
(663, 4, '2038-12-27 00:00:00', NULL, '4800.00', 'PENDING', 1, 12),
(664, 4, '2039-01-27 00:00:00', NULL, '4800.00', 'PENDING', 1, 12),
(665, 4, '2039-02-27 00:00:00', NULL, '4800.00', 'PENDING', 1, 12),
(666, 4, '2039-03-27 00:00:00', NULL, '4800.00', 'PENDING', 1, 12),
(667, 4, '2039-04-27 00:00:00', NULL, '4800.00', 'PENDING', 1, 12),
(668, 4, '2039-05-27 00:00:00', NULL, '4800.00', 'PENDING', 1, 12),
(669, 4, '2039-06-27 00:00:00', NULL, '4800.00', 'PENDING', 1, 12),
(670, 4, '2039-07-27 00:00:00', NULL, '4800.00', 'PENDING', 1, 12),
(671, 4, '2039-08-27 00:00:00', NULL, '4800.00', 'PENDING', 1, 12),
(672, 4, '2039-09-27 00:00:00', NULL, '4800.00', 'PENDING', 1, 12),
(673, 4, '2039-10-27 00:00:00', NULL, '4800.00', 'PENDING', 1, 12),
(674, 4, '2039-11-27 00:00:00', NULL, '4800.00', 'PENDING', 1, 12),
(675, 4, '2039-12-27 00:00:00', NULL, '4800.00', 'PENDING', 1, 12),
(676, 4, '2040-01-27 00:00:00', NULL, '4800.00', 'PENDING', 1, 12),
(677, 4, '2040-02-27 00:00:00', NULL, '4800.00', 'PENDING', 1, 12),
(678, 4, '2040-03-27 00:00:00', NULL, '4800.00', 'PENDING', 1, 12),
(679, 4, '2040-04-27 00:00:00', NULL, '4800.00', 'PENDING', 1, 12),
(680, 4, '2040-05-27 00:00:00', NULL, '4800.00', 'PENDING', 1, 12),
(681, 4, '2040-06-27 00:00:00', NULL, '4800.00', 'PENDING', 1, 12),
(682, 4, '2040-07-27 00:00:00', NULL, '4800.00', 'PENDING', 1, 12),
(683, 4, '2040-08-27 00:00:00', NULL, '4800.00', 'PENDING', 1, 12),
(684, 4, '2040-09-27 00:00:00', NULL, '4800.00', 'PENDING', 1, 12),
(685, 4, '2040-10-27 00:00:00', NULL, '4800.00', 'PENDING', 1, 12),
(686, 4, '2040-11-27 00:00:00', NULL, '4800.00', 'PENDING', 1, 12),
(687, 4, '2040-12-27 00:00:00', NULL, '4800.00', 'PENDING', 1, 12),
(688, 4, '2041-01-27 00:00:00', NULL, '4800.00', 'PENDING', 1, 12),
(689, 4, '2041-02-27 00:00:00', NULL, '4800.00', 'PENDING', 1, 12),
(690, 4, '2041-03-27 00:00:00', NULL, '4800.00', 'PENDING', 1, 12),
(691, 4, '2041-04-27 00:00:00', NULL, '4800.00', 'PENDING', 1, 12),
(692, 4, '2041-05-27 00:00:00', NULL, '4800.00', 'PENDING', 1, 12),
(693, 4, '2041-06-27 00:00:00', NULL, '4800.00', 'PENDING', 1, 12),
(694, 4, '2041-07-27 00:00:00', NULL, '4800.00', 'PENDING', 1, 12),
(695, 4, '2041-08-27 00:00:00', NULL, '4800.00', 'PENDING', 1, 12),
(696, 4, '2041-09-27 00:00:00', NULL, '4800.00', 'PENDING', 1, 12),
(697, 4, '2041-10-27 00:00:00', NULL, '4800.00', 'PENDING', 1, 12),
(698, 4, '2041-11-27 00:00:00', NULL, '4800.00', 'PENDING', 1, 12),
(699, 4, '2041-12-27 00:00:00', NULL, '4800.00', 'PENDING', 1, 12),
(700, 4, '2042-01-27 00:00:00', NULL, '4800.00', 'PENDING', 1, 12),
(701, 4, '2042-02-27 00:00:00', NULL, '4800.00', 'PENDING', 1, 12),
(702, 4, '2042-03-27 00:00:00', NULL, '4800.00', 'PENDING', 1, 12),
(703, 4, '2042-04-27 00:00:00', NULL, '4800.00', 'PENDING', 1, 12),
(704, 4, '2042-05-27 00:00:00', NULL, '4800.00', 'PENDING', 1, 12),
(705, 4, '2042-06-27 00:00:00', NULL, '4800.00', 'PENDING', 1, 12),
(706, 4, '2042-07-27 00:00:00', NULL, '4800.00', 'PENDING', 1, 12),
(707, 4, '2042-08-27 00:00:00', NULL, '4800.00', 'PENDING', 1, 12),
(708, 4, '2042-09-27 00:00:00', NULL, '4800.00', 'PENDING', 1, 12),
(709, 4, '2042-10-27 00:00:00', NULL, '4800.00', 'PENDING', 1, 12),
(710, 4, '2042-11-27 00:00:00', NULL, '4800.00', 'PENDING', 1, 12),
(711, 4, '2042-12-27 00:00:00', NULL, '4800.00', 'PENDING', 1, 12),
(712, 4, '2043-01-27 00:00:00', NULL, '4800.00', 'PENDING', 1, 12),
(713, 4, '2043-02-27 00:00:00', NULL, '4800.00', 'PENDING', 1, 12),
(714, 4, '2043-03-27 00:00:00', NULL, '4800.00', 'PENDING', 1, 12),
(715, 4, '2043-04-27 00:00:00', NULL, '4800.00', 'PENDING', 1, 12),
(716, 4, '2043-05-27 00:00:00', NULL, '4800.00', 'PENDING', 1, 12),
(717, 4, '2043-06-27 00:00:00', NULL, '4800.00', 'PENDING', 1, 12),
(718, 4, '2043-07-27 00:00:00', NULL, '4800.00', 'PENDING', 1, 12),
(719, 4, '2043-08-27 00:00:00', NULL, '4800.00', 'PENDING', 1, 12),
(720, 4, '2043-09-27 00:00:00', NULL, '4800.00', 'PENDING', 1, 12),
(721, 4, '2043-10-27 00:00:00', NULL, '4800.00', 'PENDING', 1, 12),
(722, 4, '2043-11-27 00:00:00', NULL, '4800.00', 'PENDING', 1, 12),
(723, 4, '2043-12-27 00:00:00', NULL, '4800.00', 'PENDING', 1, 12),
(724, 4, '2044-01-27 00:00:00', NULL, '4800.00', 'PENDING', 1, 12),
(725, 4, '2044-02-27 00:00:00', NULL, '4800.00', 'PENDING', 1, 12),
(726, 4, '2044-03-27 00:00:00', NULL, '4800.00', 'PENDING', 1, 12),
(727, 4, '2044-04-27 00:00:00', NULL, '4800.00', 'PENDING', 1, 12),
(728, 4, '2044-05-27 00:00:00', NULL, '4800.00', 'PENDING', 1, 12),
(729, 4, '2044-06-27 00:00:00', NULL, '4800.00', 'PENDING', 1, 12),
(730, 4, '2044-07-27 00:00:00', NULL, '4800.00', 'PENDING', 1, 12),
(731, 4, '2044-08-27 00:00:00', NULL, '4800.00', 'PENDING', 1, 12),
(732, 4, '2044-09-27 00:00:00', NULL, '4800.00', 'PENDING', 1, 12),
(733, 4, '2044-10-27 00:00:00', NULL, '4800.00', 'PENDING', 1, 12),
(734, 4, '2044-11-27 00:00:00', NULL, '4800.00', 'PENDING', 1, 12),
(735, 4, '2044-12-27 00:00:00', NULL, '4800.00', 'PENDING', 1, 12),
(736, 4, '2045-01-27 00:00:00', NULL, '4800.00', 'PENDING', 1, 12),
(737, 4, '2045-02-27 00:00:00', NULL, '4800.00', 'PENDING', 1, 12),
(738, 4, '2045-03-27 00:00:00', NULL, '4800.00', 'PENDING', 1, 12),
(739, 4, '2045-04-27 00:00:00', NULL, '4800.00', 'PENDING', 1, 12),
(740, 4, '2045-05-27 00:00:00', NULL, '4800.00', 'PENDING', 1, 12),
(741, 4, '2045-06-27 00:00:00', NULL, '4800.00', 'PENDING', 1, 12),
(742, 4, '2045-07-27 00:00:00', NULL, '4800.00', 'PENDING', 1, 12),
(743, 4, '2045-08-27 00:00:00', NULL, '4800.00', 'PENDING', 1, 12),
(744, 4, '2045-09-27 00:00:00', NULL, '4800.00', 'PENDING', 1, 12),
(745, 4, '2045-10-27 00:00:00', NULL, '4800.00', 'PENDING', 1, 12),
(746, 4, '2045-11-27 00:00:00', NULL, '4800.00', 'PENDING', 1, 12),
(747, 4, '2045-12-27 00:00:00', NULL, '4800.00', 'PENDING', 1, 12),
(748, 4, '2046-01-27 00:00:00', NULL, '4800.00', 'PENDING', 1, 12),
(749, 4, '2046-02-27 00:00:00', NULL, '4800.00', 'PENDING', 1, 12),
(750, 4, '2046-03-27 00:00:00', NULL, '4800.00', 'PENDING', 1, 12);
INSERT INTO `user_payments` (`id`, `p_type_id`, `due_date`, `date_paid`, `amount`, `status`, `member_id`, `housing_detail_id`) VALUES
(751, 4, '2046-04-27 00:00:00', NULL, '4800.00', 'PENDING', 1, 12),
(752, 4, '2046-05-27 00:00:00', NULL, '4800.00', 'PENDING', 1, 12),
(753, 4, '2046-06-27 00:00:00', NULL, '4800.00', 'PENDING', 1, 12),
(754, 4, '2046-07-27 00:00:00', NULL, '4800.00', 'PENDING', 1, 12),
(755, 4, '2046-08-27 00:00:00', NULL, '4800.00', 'PENDING', 1, 12),
(756, 4, '2046-09-27 00:00:00', NULL, '4800.00', 'PENDING', 1, 12),
(757, 4, '2046-10-27 00:00:00', NULL, '4800.00', 'PENDING', 1, 12),
(758, 4, '2046-11-27 00:00:00', NULL, '4800.00', 'PENDING', 1, 12),
(759, 4, '2046-12-27 00:00:00', NULL, '4800.00', 'PENDING', 1, 12),
(760, 4, '2047-01-27 00:00:00', NULL, '4800.00', 'PENDING', 1, 12),
(761, 4, '2047-02-27 00:00:00', NULL, '4800.00', 'PENDING', 1, 12),
(762, 4, '2047-03-27 00:00:00', NULL, '4800.00', 'PENDING', 1, 12),
(763, 4, '2047-04-27 00:00:00', NULL, '4800.00', 'PENDING', 1, 12),
(764, 4, '2047-05-27 00:00:00', NULL, '4800.00', 'PENDING', 1, 12),
(765, 4, '2047-06-27 00:00:00', NULL, '4800.00', 'PENDING', 1, 12),
(766, 4, '2047-07-27 00:00:00', NULL, '4800.00', 'PENDING', 1, 12),
(767, 4, '2047-08-27 00:00:00', NULL, '4800.00', 'PENDING', 1, 12),
(768, 4, '2047-09-27 00:00:00', NULL, '4800.00', 'PENDING', 1, 12),
(769, 4, '2047-10-27 00:00:00', NULL, '4800.00', 'PENDING', 1, 12),
(770, 4, '2047-11-27 00:00:00', NULL, '4800.00', 'PENDING', 1, 12),
(771, 4, '2047-12-27 00:00:00', NULL, '4800.00', 'PENDING', 1, 12),
(772, 4, '2048-01-27 00:00:00', NULL, '4800.00', 'PENDING', 1, 12),
(773, 4, '2048-02-27 00:00:00', NULL, '4800.00', 'PENDING', 1, 12),
(774, 4, '2048-03-27 00:00:00', NULL, '4800.00', 'PENDING', 1, 12),
(775, 4, '2048-04-27 00:00:00', NULL, '4800.00', 'PENDING', 1, 12),
(776, 4, '2048-05-27 00:00:00', NULL, '4800.00', 'PENDING', 1, 12),
(777, 4, '2048-06-27 00:00:00', NULL, '4800.00', 'PENDING', 1, 12),
(778, 4, '2048-07-27 00:00:00', NULL, '4800.00', 'PENDING', 1, 12),
(779, 4, '2048-08-27 00:00:00', NULL, '4800.00', 'PENDING', 1, 12),
(780, 4, '2048-09-27 00:00:00', NULL, '4800.00', 'PENDING', 1, 12),
(781, 4, '2048-10-27 00:00:00', NULL, '4800.00', 'PENDING', 1, 12),
(782, 4, '2048-11-27 00:00:00', NULL, '4800.00', 'PENDING', 1, 12),
(783, 4, '2048-12-27 00:00:00', NULL, '4800.00', 'PENDING', 1, 12),
(784, 4, '2049-01-27 00:00:00', NULL, '4800.00', 'PENDING', 1, 12),
(785, 4, '2049-02-27 00:00:00', NULL, '4800.00', 'PENDING', 1, 12),
(786, 4, '2049-03-27 00:00:00', NULL, '4800.00', 'PENDING', 1, 12),
(787, 4, '2049-04-27 00:00:00', NULL, '4800.00', 'PENDING', 1, 12),
(788, 4, '2049-05-27 00:00:00', NULL, '4800.00', 'PENDING', 1, 12),
(789, 4, '2049-06-27 00:00:00', NULL, '4800.00', 'PENDING', 1, 12),
(790, 4, '2049-07-27 00:00:00', NULL, '4800.00', 'PENDING', 1, 12),
(791, 4, '2049-08-27 00:00:00', NULL, '4800.00', 'PENDING', 1, 12),
(792, 4, '2049-09-27 00:00:00', NULL, '4800.00', 'PENDING', 1, 12),
(793, 4, '2049-10-27 00:00:00', NULL, '4800.00', 'PENDING', 1, 12),
(794, 4, '2049-11-27 00:00:00', NULL, '4800.00', 'PENDING', 1, 12),
(795, 1, '2019-12-27 00:00:00', NULL, '8000.00', 'PENDING', 240, 13),
(796, 3, '2019-12-27 00:00:00', NULL, '4800.00', 'PENDING', 240, 13),
(797, 3, '2020-01-27 00:00:00', NULL, '4800.00', 'PENDING', 240, 13),
(798, 3, '2020-02-27 00:00:00', NULL, '4800.00', 'PENDING', 240, 13),
(799, 3, '2020-03-27 00:00:00', NULL, '4800.00', 'PENDING', 240, 13),
(800, 3, '2020-04-27 00:00:00', NULL, '4800.00', 'PENDING', 240, 13),
(801, 3, '2020-05-27 00:00:00', NULL, '4800.00', 'PENDING', 240, 13),
(802, 3, '2020-06-27 00:00:00', NULL, '4800.00', 'PENDING', 240, 13),
(803, 3, '2020-07-27 00:00:00', NULL, '4800.00', 'PENDING', 240, 13),
(804, 3, '2020-08-27 00:00:00', NULL, '4800.00', 'PENDING', 240, 13),
(805, 3, '2020-09-27 00:00:00', NULL, '4800.00', 'PENDING', 240, 13),
(806, 3, '2020-10-27 00:00:00', NULL, '4800.00', 'PENDING', 240, 13),
(807, 3, '2020-11-27 00:00:00', NULL, '4800.00', 'PENDING', 240, 13),
(808, 3, '2020-12-27 00:00:00', NULL, '4800.00', 'PENDING', 240, 13),
(809, 3, '2021-01-27 00:00:00', NULL, '4800.00', 'PENDING', 240, 13),
(810, 3, '2021-02-27 00:00:00', NULL, '4800.00', 'PENDING', 240, 13),
(811, 3, '2021-03-27 00:00:00', NULL, '4800.00', 'PENDING', 240, 13),
(812, 3, '2021-04-27 00:00:00', NULL, '4800.00', 'PENDING', 240, 13),
(813, 3, '2021-05-27 00:00:00', NULL, '4800.00', 'PENDING', 240, 13),
(814, 3, '2021-06-27 00:00:00', NULL, '4800.00', 'PENDING', 240, 13),
(815, 3, '2021-07-27 00:00:00', NULL, '4800.00', 'PENDING', 240, 13),
(816, 3, '2021-08-27 00:00:00', NULL, '4800.00', 'PENDING', 240, 13),
(817, 3, '2021-09-27 00:00:00', NULL, '4800.00', 'PENDING', 240, 13),
(818, 3, '2021-10-27 00:00:00', NULL, '4800.00', 'PENDING', 240, 13),
(819, 3, '2021-11-27 00:00:00', NULL, '4800.00', 'PENDING', 240, 13),
(820, 3, '2021-12-27 00:00:00', NULL, '4800.00', 'PENDING', 240, 13),
(821, 3, '2022-01-27 00:00:00', NULL, '4800.00', 'PENDING', 240, 13),
(822, 3, '2022-02-27 00:00:00', NULL, '4800.00', 'PENDING', 240, 13),
(823, 3, '2022-03-27 00:00:00', NULL, '4800.00', 'PENDING', 240, 13),
(824, 3, '2022-04-27 00:00:00', NULL, '4800.00', 'PENDING', 240, 13),
(825, 3, '2022-05-27 00:00:00', NULL, '4800.00', 'PENDING', 240, 13),
(826, 3, '2022-06-27 00:00:00', NULL, '4800.00', 'PENDING', 240, 13),
(827, 3, '2022-07-27 00:00:00', NULL, '4800.00', 'PENDING', 240, 13),
(828, 3, '2022-08-27 00:00:00', NULL, '4800.00', 'PENDING', 240, 13),
(829, 3, '2022-09-27 00:00:00', NULL, '4800.00', 'PENDING', 240, 13),
(830, 3, '2022-10-27 00:00:00', NULL, '4800.00', 'PENDING', 240, 13),
(831, 3, '2022-11-27 00:00:00', NULL, '4800.00', 'PENDING', 240, 13),
(832, 4, '2019-12-27 00:00:00', NULL, '4800.00', 'PENDING', 240, 13),
(833, 4, '2020-01-27 00:00:00', NULL, '4800.00', 'PENDING', 240, 13),
(834, 4, '2020-02-27 00:00:00', NULL, '4800.00', 'PENDING', 240, 13),
(835, 4, '2020-03-27 00:00:00', NULL, '4800.00', 'PENDING', 240, 13),
(836, 4, '2020-04-27 00:00:00', NULL, '4800.00', 'PENDING', 240, 13),
(837, 4, '2020-05-27 00:00:00', NULL, '4800.00', 'PENDING', 240, 13),
(838, 4, '2020-06-27 00:00:00', NULL, '4800.00', 'PENDING', 240, 13),
(839, 4, '2020-07-27 00:00:00', NULL, '4800.00', 'PENDING', 240, 13),
(840, 4, '2020-08-27 00:00:00', NULL, '4800.00', 'PENDING', 240, 13),
(841, 4, '2020-09-27 00:00:00', NULL, '4800.00', 'PENDING', 240, 13),
(842, 4, '2020-10-27 00:00:00', NULL, '4800.00', 'PENDING', 240, 13),
(843, 4, '2020-11-27 00:00:00', NULL, '4800.00', 'PENDING', 240, 13),
(844, 4, '2020-12-27 00:00:00', NULL, '4800.00', 'PENDING', 240, 13),
(845, 4, '2021-01-27 00:00:00', NULL, '4800.00', 'PENDING', 240, 13),
(846, 4, '2021-02-27 00:00:00', NULL, '4800.00', 'PENDING', 240, 13),
(847, 4, '2021-03-27 00:00:00', NULL, '4800.00', 'PENDING', 240, 13),
(848, 4, '2021-04-27 00:00:00', NULL, '4800.00', 'PENDING', 240, 13),
(849, 4, '2021-05-27 00:00:00', NULL, '4800.00', 'PENDING', 240, 13),
(850, 4, '2021-06-27 00:00:00', NULL, '4800.00', 'PENDING', 240, 13),
(851, 4, '2021-07-27 00:00:00', NULL, '4800.00', 'PENDING', 240, 13),
(852, 4, '2021-08-27 00:00:00', NULL, '4800.00', 'PENDING', 240, 13),
(853, 4, '2021-09-27 00:00:00', NULL, '4800.00', 'PENDING', 240, 13),
(854, 4, '2021-10-27 00:00:00', NULL, '4800.00', 'PENDING', 240, 13),
(855, 4, '2021-11-27 00:00:00', NULL, '4800.00', 'PENDING', 240, 13),
(856, 4, '2021-12-27 00:00:00', NULL, '4800.00', 'PENDING', 240, 13),
(857, 4, '2022-01-27 00:00:00', NULL, '4800.00', 'PENDING', 240, 13),
(858, 4, '2022-02-27 00:00:00', NULL, '4800.00', 'PENDING', 240, 13),
(859, 4, '2022-03-27 00:00:00', NULL, '4800.00', 'PENDING', 240, 13),
(860, 4, '2022-04-27 00:00:00', NULL, '4800.00', 'PENDING', 240, 13),
(861, 4, '2022-05-27 00:00:00', NULL, '4800.00', 'PENDING', 240, 13),
(862, 4, '2022-06-27 00:00:00', NULL, '4800.00', 'PENDING', 240, 13),
(863, 4, '2022-07-27 00:00:00', NULL, '4800.00', 'PENDING', 240, 13),
(864, 4, '2022-08-27 00:00:00', NULL, '4800.00', 'PENDING', 240, 13),
(865, 4, '2022-09-27 00:00:00', NULL, '4800.00', 'PENDING', 240, 13),
(866, 4, '2022-10-27 00:00:00', NULL, '4800.00', 'PENDING', 240, 13),
(867, 4, '2022-11-27 00:00:00', NULL, '4800.00', 'PENDING', 240, 13),
(868, 4, '2022-12-27 00:00:00', NULL, '4800.00', 'PENDING', 240, 13),
(869, 4, '2023-01-27 00:00:00', NULL, '4800.00', 'PENDING', 240, 13),
(870, 4, '2023-02-27 00:00:00', NULL, '4800.00', 'PENDING', 240, 13),
(871, 4, '2023-03-27 00:00:00', NULL, '4800.00', 'PENDING', 240, 13),
(872, 4, '2023-04-27 00:00:00', NULL, '4800.00', 'PENDING', 240, 13),
(873, 4, '2023-05-27 00:00:00', NULL, '4800.00', 'PENDING', 240, 13),
(874, 4, '2023-06-27 00:00:00', NULL, '4800.00', 'PENDING', 240, 13),
(875, 4, '2023-07-27 00:00:00', NULL, '4800.00', 'PENDING', 240, 13),
(876, 4, '2023-08-27 00:00:00', NULL, '4800.00', 'PENDING', 240, 13),
(877, 4, '2023-09-27 00:00:00', NULL, '4800.00', 'PENDING', 240, 13),
(878, 4, '2023-10-27 00:00:00', NULL, '4800.00', 'PENDING', 240, 13),
(879, 4, '2023-11-27 00:00:00', NULL, '4800.00', 'PENDING', 240, 13),
(880, 4, '2023-12-27 00:00:00', NULL, '4800.00', 'PENDING', 240, 13),
(881, 4, '2024-01-27 00:00:00', NULL, '4800.00', 'PENDING', 240, 13),
(882, 4, '2024-02-27 00:00:00', NULL, '4800.00', 'PENDING', 240, 13),
(883, 4, '2024-03-27 00:00:00', NULL, '4800.00', 'PENDING', 240, 13),
(884, 4, '2024-04-27 00:00:00', NULL, '4800.00', 'PENDING', 240, 13),
(885, 4, '2024-05-27 00:00:00', NULL, '4800.00', 'PENDING', 240, 13),
(886, 4, '2024-06-27 00:00:00', NULL, '4800.00', 'PENDING', 240, 13),
(887, 4, '2024-07-27 00:00:00', NULL, '4800.00', 'PENDING', 240, 13),
(888, 4, '2024-08-27 00:00:00', NULL, '4800.00', 'PENDING', 240, 13),
(889, 4, '2024-09-27 00:00:00', NULL, '4800.00', 'PENDING', 240, 13),
(890, 4, '2024-10-27 00:00:00', NULL, '4800.00', 'PENDING', 240, 13),
(891, 4, '2024-11-27 00:00:00', NULL, '4800.00', 'PENDING', 240, 13),
(892, 4, '2024-12-27 00:00:00', NULL, '4800.00', 'PENDING', 240, 13),
(893, 4, '2025-01-27 00:00:00', NULL, '4800.00', 'PENDING', 240, 13),
(894, 4, '2025-02-27 00:00:00', NULL, '4800.00', 'PENDING', 240, 13),
(895, 4, '2025-03-27 00:00:00', NULL, '4800.00', 'PENDING', 240, 13),
(896, 4, '2025-04-27 00:00:00', NULL, '4800.00', 'PENDING', 240, 13),
(897, 4, '2025-05-27 00:00:00', NULL, '4800.00', 'PENDING', 240, 13),
(898, 4, '2025-06-27 00:00:00', NULL, '4800.00', 'PENDING', 240, 13),
(899, 4, '2025-07-27 00:00:00', NULL, '4800.00', 'PENDING', 240, 13),
(900, 4, '2025-08-27 00:00:00', NULL, '4800.00', 'PENDING', 240, 13),
(901, 4, '2025-09-27 00:00:00', NULL, '4800.00', 'PENDING', 240, 13),
(902, 4, '2025-10-27 00:00:00', NULL, '4800.00', 'PENDING', 240, 13),
(903, 4, '2025-11-27 00:00:00', NULL, '4800.00', 'PENDING', 240, 13),
(904, 4, '2025-12-27 00:00:00', NULL, '4800.00', 'PENDING', 240, 13),
(905, 4, '2026-01-27 00:00:00', NULL, '4800.00', 'PENDING', 240, 13),
(906, 4, '2026-02-27 00:00:00', NULL, '4800.00', 'PENDING', 240, 13),
(907, 4, '2026-03-27 00:00:00', NULL, '4800.00', 'PENDING', 240, 13),
(908, 4, '2026-04-27 00:00:00', NULL, '4800.00', 'PENDING', 240, 13),
(909, 4, '2026-05-27 00:00:00', NULL, '4800.00', 'PENDING', 240, 13),
(910, 4, '2026-06-27 00:00:00', NULL, '4800.00', 'PENDING', 240, 13),
(911, 4, '2026-07-27 00:00:00', NULL, '4800.00', 'PENDING', 240, 13),
(912, 4, '2026-08-27 00:00:00', NULL, '4800.00', 'PENDING', 240, 13),
(913, 4, '2026-09-27 00:00:00', NULL, '4800.00', 'PENDING', 240, 13),
(914, 4, '2026-10-27 00:00:00', NULL, '4800.00', 'PENDING', 240, 13),
(915, 4, '2026-11-27 00:00:00', NULL, '4800.00', 'PENDING', 240, 13),
(916, 4, '2026-12-27 00:00:00', NULL, '4800.00', 'PENDING', 240, 13),
(917, 4, '2027-01-27 00:00:00', NULL, '4800.00', 'PENDING', 240, 13),
(918, 4, '2027-02-27 00:00:00', NULL, '4800.00', 'PENDING', 240, 13),
(919, 4, '2027-03-27 00:00:00', NULL, '4800.00', 'PENDING', 240, 13),
(920, 4, '2027-04-27 00:00:00', NULL, '4800.00', 'PENDING', 240, 13),
(921, 4, '2027-05-27 00:00:00', NULL, '4800.00', 'PENDING', 240, 13),
(922, 4, '2027-06-27 00:00:00', NULL, '4800.00', 'PENDING', 240, 13),
(923, 4, '2027-07-27 00:00:00', NULL, '4800.00', 'PENDING', 240, 13),
(924, 4, '2027-08-27 00:00:00', NULL, '4800.00', 'PENDING', 240, 13),
(925, 4, '2027-09-27 00:00:00', NULL, '4800.00', 'PENDING', 240, 13),
(926, 4, '2027-10-27 00:00:00', NULL, '4800.00', 'PENDING', 240, 13),
(927, 4, '2027-11-27 00:00:00', NULL, '4800.00', 'PENDING', 240, 13),
(928, 4, '2027-12-27 00:00:00', NULL, '4800.00', 'PENDING', 240, 13),
(929, 4, '2028-01-27 00:00:00', NULL, '4800.00', 'PENDING', 240, 13),
(930, 4, '2028-02-27 00:00:00', NULL, '4800.00', 'PENDING', 240, 13),
(931, 4, '2028-03-27 00:00:00', NULL, '4800.00', 'PENDING', 240, 13),
(932, 4, '2028-04-27 00:00:00', NULL, '4800.00', 'PENDING', 240, 13),
(933, 4, '2028-05-27 00:00:00', NULL, '4800.00', 'PENDING', 240, 13),
(934, 4, '2028-06-27 00:00:00', NULL, '4800.00', 'PENDING', 240, 13),
(935, 4, '2028-07-27 00:00:00', NULL, '4800.00', 'PENDING', 240, 13),
(936, 4, '2028-08-27 00:00:00', NULL, '4800.00', 'PENDING', 240, 13),
(937, 4, '2028-09-27 00:00:00', NULL, '4800.00', 'PENDING', 240, 13),
(938, 4, '2028-10-27 00:00:00', NULL, '4800.00', 'PENDING', 240, 13),
(939, 4, '2028-11-27 00:00:00', NULL, '4800.00', 'PENDING', 240, 13),
(940, 4, '2028-12-27 00:00:00', NULL, '4800.00', 'PENDING', 240, 13),
(941, 4, '2029-01-27 00:00:00', NULL, '4800.00', 'PENDING', 240, 13),
(942, 4, '2029-02-27 00:00:00', NULL, '4800.00', 'PENDING', 240, 13),
(943, 4, '2029-03-27 00:00:00', NULL, '4800.00', 'PENDING', 240, 13),
(944, 4, '2029-04-27 00:00:00', NULL, '4800.00', 'PENDING', 240, 13),
(945, 4, '2029-05-27 00:00:00', NULL, '4800.00', 'PENDING', 240, 13),
(946, 4, '2029-06-27 00:00:00', NULL, '4800.00', 'PENDING', 240, 13),
(947, 4, '2029-07-27 00:00:00', NULL, '4800.00', 'PENDING', 240, 13),
(948, 4, '2029-08-27 00:00:00', NULL, '4800.00', 'PENDING', 240, 13),
(949, 4, '2029-09-27 00:00:00', NULL, '4800.00', 'PENDING', 240, 13),
(950, 4, '2029-10-27 00:00:00', NULL, '4800.00', 'PENDING', 240, 13),
(951, 4, '2029-11-27 00:00:00', NULL, '4800.00', 'PENDING', 240, 13),
(952, 4, '2029-12-27 00:00:00', NULL, '4800.00', 'PENDING', 240, 13),
(953, 4, '2030-01-27 00:00:00', NULL, '4800.00', 'PENDING', 240, 13),
(954, 4, '2030-02-27 00:00:00', NULL, '4800.00', 'PENDING', 240, 13),
(955, 4, '2030-03-27 00:00:00', NULL, '4800.00', 'PENDING', 240, 13),
(956, 4, '2030-04-27 00:00:00', NULL, '4800.00', 'PENDING', 240, 13),
(957, 4, '2030-05-27 00:00:00', NULL, '4800.00', 'PENDING', 240, 13),
(958, 4, '2030-06-27 00:00:00', NULL, '4800.00', 'PENDING', 240, 13),
(959, 4, '2030-07-27 00:00:00', NULL, '4800.00', 'PENDING', 240, 13),
(960, 4, '2030-08-27 00:00:00', NULL, '4800.00', 'PENDING', 240, 13),
(961, 4, '2030-09-27 00:00:00', NULL, '4800.00', 'PENDING', 240, 13),
(962, 4, '2030-10-27 00:00:00', NULL, '4800.00', 'PENDING', 240, 13),
(963, 4, '2030-11-27 00:00:00', NULL, '4800.00', 'PENDING', 240, 13),
(964, 4, '2030-12-27 00:00:00', NULL, '4800.00', 'PENDING', 240, 13),
(965, 4, '2031-01-27 00:00:00', NULL, '4800.00', 'PENDING', 240, 13),
(966, 4, '2031-02-27 00:00:00', NULL, '4800.00', 'PENDING', 240, 13),
(967, 4, '2031-03-27 00:00:00', NULL, '4800.00', 'PENDING', 240, 13),
(968, 4, '2031-04-27 00:00:00', NULL, '4800.00', 'PENDING', 240, 13),
(969, 4, '2031-05-27 00:00:00', NULL, '4800.00', 'PENDING', 240, 13),
(970, 4, '2031-06-27 00:00:00', NULL, '4800.00', 'PENDING', 240, 13),
(971, 4, '2031-07-27 00:00:00', NULL, '4800.00', 'PENDING', 240, 13),
(972, 4, '2031-08-27 00:00:00', NULL, '4800.00', 'PENDING', 240, 13),
(973, 4, '2031-09-27 00:00:00', NULL, '4800.00', 'PENDING', 240, 13),
(974, 4, '2031-10-27 00:00:00', NULL, '4800.00', 'PENDING', 240, 13),
(975, 4, '2031-11-27 00:00:00', NULL, '4800.00', 'PENDING', 240, 13),
(976, 4, '2031-12-27 00:00:00', NULL, '4800.00', 'PENDING', 240, 13),
(977, 4, '2032-01-27 00:00:00', NULL, '4800.00', 'PENDING', 240, 13),
(978, 4, '2032-02-27 00:00:00', NULL, '4800.00', 'PENDING', 240, 13),
(979, 4, '2032-03-27 00:00:00', NULL, '4800.00', 'PENDING', 240, 13),
(980, 4, '2032-04-27 00:00:00', NULL, '4800.00', 'PENDING', 240, 13),
(981, 4, '2032-05-27 00:00:00', NULL, '4800.00', 'PENDING', 240, 13),
(982, 4, '2032-06-27 00:00:00', NULL, '4800.00', 'PENDING', 240, 13),
(983, 4, '2032-07-27 00:00:00', NULL, '4800.00', 'PENDING', 240, 13),
(984, 4, '2032-08-27 00:00:00', NULL, '4800.00', 'PENDING', 240, 13),
(985, 4, '2032-09-27 00:00:00', NULL, '4800.00', 'PENDING', 240, 13),
(986, 4, '2032-10-27 00:00:00', NULL, '4800.00', 'PENDING', 240, 13),
(987, 4, '2032-11-27 00:00:00', NULL, '4800.00', 'PENDING', 240, 13),
(988, 4, '2032-12-27 00:00:00', NULL, '4800.00', 'PENDING', 240, 13),
(989, 4, '2033-01-27 00:00:00', NULL, '4800.00', 'PENDING', 240, 13),
(990, 4, '2033-02-27 00:00:00', NULL, '4800.00', 'PENDING', 240, 13),
(991, 4, '2033-03-27 00:00:00', NULL, '4800.00', 'PENDING', 240, 13),
(992, 4, '2033-04-27 00:00:00', NULL, '4800.00', 'PENDING', 240, 13),
(993, 4, '2033-05-27 00:00:00', NULL, '4800.00', 'PENDING', 240, 13),
(994, 4, '2033-06-27 00:00:00', NULL, '4800.00', 'PENDING', 240, 13),
(995, 4, '2033-07-27 00:00:00', NULL, '4800.00', 'PENDING', 240, 13),
(996, 4, '2033-08-27 00:00:00', NULL, '4800.00', 'PENDING', 240, 13),
(997, 4, '2033-09-27 00:00:00', NULL, '4800.00', 'PENDING', 240, 13),
(998, 4, '2033-10-27 00:00:00', NULL, '4800.00', 'PENDING', 240, 13),
(999, 4, '2033-11-27 00:00:00', NULL, '4800.00', 'PENDING', 240, 13),
(1000, 4, '2033-12-27 00:00:00', NULL, '4800.00', 'PENDING', 240, 13),
(1001, 4, '2034-01-27 00:00:00', NULL, '4800.00', 'PENDING', 240, 13),
(1002, 4, '2034-02-27 00:00:00', NULL, '4800.00', 'PENDING', 240, 13),
(1003, 4, '2034-03-27 00:00:00', NULL, '4800.00', 'PENDING', 240, 13),
(1004, 4, '2034-04-27 00:00:00', NULL, '4800.00', 'PENDING', 240, 13),
(1005, 4, '2034-05-27 00:00:00', NULL, '4800.00', 'PENDING', 240, 13),
(1006, 4, '2034-06-27 00:00:00', NULL, '4800.00', 'PENDING', 240, 13),
(1007, 4, '2034-07-27 00:00:00', NULL, '4800.00', 'PENDING', 240, 13),
(1008, 4, '2034-08-27 00:00:00', NULL, '4800.00', 'PENDING', 240, 13),
(1009, 4, '2034-09-27 00:00:00', NULL, '4800.00', 'PENDING', 240, 13),
(1010, 4, '2034-10-27 00:00:00', NULL, '4800.00', 'PENDING', 240, 13),
(1011, 4, '2034-11-27 00:00:00', NULL, '4800.00', 'PENDING', 240, 13),
(1012, 4, '2034-12-27 00:00:00', NULL, '4800.00', 'PENDING', 240, 13),
(1013, 4, '2035-01-27 00:00:00', NULL, '4800.00', 'PENDING', 240, 13),
(1014, 4, '2035-02-27 00:00:00', NULL, '4800.00', 'PENDING', 240, 13),
(1015, 4, '2035-03-27 00:00:00', NULL, '4800.00', 'PENDING', 240, 13),
(1016, 4, '2035-04-27 00:00:00', NULL, '4800.00', 'PENDING', 240, 13),
(1017, 4, '2035-05-27 00:00:00', NULL, '4800.00', 'PENDING', 240, 13),
(1018, 4, '2035-06-27 00:00:00', NULL, '4800.00', 'PENDING', 240, 13),
(1019, 4, '2035-07-27 00:00:00', NULL, '4800.00', 'PENDING', 240, 13),
(1020, 4, '2035-08-27 00:00:00', NULL, '4800.00', 'PENDING', 240, 13),
(1021, 4, '2035-09-27 00:00:00', NULL, '4800.00', 'PENDING', 240, 13),
(1022, 4, '2035-10-27 00:00:00', NULL, '4800.00', 'PENDING', 240, 13),
(1023, 4, '2035-11-27 00:00:00', NULL, '4800.00', 'PENDING', 240, 13),
(1024, 4, '2035-12-27 00:00:00', NULL, '4800.00', 'PENDING', 240, 13),
(1025, 4, '2036-01-27 00:00:00', NULL, '4800.00', 'PENDING', 240, 13),
(1026, 4, '2036-02-27 00:00:00', NULL, '4800.00', 'PENDING', 240, 13),
(1027, 4, '2036-03-27 00:00:00', NULL, '4800.00', 'PENDING', 240, 13),
(1028, 4, '2036-04-27 00:00:00', NULL, '4800.00', 'PENDING', 240, 13),
(1029, 4, '2036-05-27 00:00:00', NULL, '4800.00', 'PENDING', 240, 13),
(1030, 4, '2036-06-27 00:00:00', NULL, '4800.00', 'PENDING', 240, 13),
(1031, 4, '2036-07-27 00:00:00', NULL, '4800.00', 'PENDING', 240, 13),
(1032, 4, '2036-08-27 00:00:00', NULL, '4800.00', 'PENDING', 240, 13),
(1033, 4, '2036-09-27 00:00:00', NULL, '4800.00', 'PENDING', 240, 13),
(1034, 4, '2036-10-27 00:00:00', NULL, '4800.00', 'PENDING', 240, 13),
(1035, 4, '2036-11-27 00:00:00', NULL, '4800.00', 'PENDING', 240, 13),
(1036, 4, '2036-12-27 00:00:00', NULL, '4800.00', 'PENDING', 240, 13),
(1037, 4, '2037-01-27 00:00:00', NULL, '4800.00', 'PENDING', 240, 13),
(1038, 4, '2037-02-27 00:00:00', NULL, '4800.00', 'PENDING', 240, 13),
(1039, 4, '2037-03-27 00:00:00', NULL, '4800.00', 'PENDING', 240, 13),
(1040, 4, '2037-04-27 00:00:00', NULL, '4800.00', 'PENDING', 240, 13),
(1041, 4, '2037-05-27 00:00:00', NULL, '4800.00', 'PENDING', 240, 13),
(1042, 4, '2037-06-27 00:00:00', NULL, '4800.00', 'PENDING', 240, 13),
(1043, 4, '2037-07-27 00:00:00', NULL, '4800.00', 'PENDING', 240, 13),
(1044, 4, '2037-08-27 00:00:00', NULL, '4800.00', 'PENDING', 240, 13),
(1045, 4, '2037-09-27 00:00:00', NULL, '4800.00', 'PENDING', 240, 13),
(1046, 4, '2037-10-27 00:00:00', NULL, '4800.00', 'PENDING', 240, 13),
(1047, 4, '2037-11-27 00:00:00', NULL, '4800.00', 'PENDING', 240, 13),
(1048, 4, '2037-12-27 00:00:00', NULL, '4800.00', 'PENDING', 240, 13),
(1049, 4, '2038-01-27 00:00:00', NULL, '4800.00', 'PENDING', 240, 13),
(1050, 4, '2038-02-27 00:00:00', NULL, '4800.00', 'PENDING', 240, 13),
(1051, 4, '2038-03-27 00:00:00', NULL, '4800.00', 'PENDING', 240, 13),
(1052, 4, '2038-04-27 00:00:00', NULL, '4800.00', 'PENDING', 240, 13),
(1053, 4, '2038-05-27 00:00:00', NULL, '4800.00', 'PENDING', 240, 13),
(1054, 4, '2038-06-27 00:00:00', NULL, '4800.00', 'PENDING', 240, 13),
(1055, 4, '2038-07-27 00:00:00', NULL, '4800.00', 'PENDING', 240, 13),
(1056, 4, '2038-08-27 00:00:00', NULL, '4800.00', 'PENDING', 240, 13),
(1057, 4, '2038-09-27 00:00:00', NULL, '4800.00', 'PENDING', 240, 13),
(1058, 4, '2038-10-27 00:00:00', NULL, '4800.00', 'PENDING', 240, 13),
(1059, 4, '2038-11-27 00:00:00', NULL, '4800.00', 'PENDING', 240, 13),
(1060, 4, '2038-12-27 00:00:00', NULL, '4800.00', 'PENDING', 240, 13),
(1061, 4, '2039-01-27 00:00:00', NULL, '4800.00', 'PENDING', 240, 13),
(1062, 4, '2039-02-27 00:00:00', NULL, '4800.00', 'PENDING', 240, 13),
(1063, 4, '2039-03-27 00:00:00', NULL, '4800.00', 'PENDING', 240, 13),
(1064, 4, '2039-04-27 00:00:00', NULL, '4800.00', 'PENDING', 240, 13),
(1065, 4, '2039-05-27 00:00:00', NULL, '4800.00', 'PENDING', 240, 13),
(1066, 4, '2039-06-27 00:00:00', NULL, '4800.00', 'PENDING', 240, 13),
(1067, 4, '2039-07-27 00:00:00', NULL, '4800.00', 'PENDING', 240, 13),
(1068, 4, '2039-08-27 00:00:00', NULL, '4800.00', 'PENDING', 240, 13),
(1069, 4, '2039-09-27 00:00:00', NULL, '4800.00', 'PENDING', 240, 13),
(1070, 4, '2039-10-27 00:00:00', NULL, '4800.00', 'PENDING', 240, 13),
(1071, 4, '2039-11-27 00:00:00', NULL, '4800.00', 'PENDING', 240, 13),
(1072, 4, '2039-12-27 00:00:00', NULL, '4800.00', 'PENDING', 240, 13),
(1073, 4, '2040-01-27 00:00:00', NULL, '4800.00', 'PENDING', 240, 13),
(1074, 4, '2040-02-27 00:00:00', NULL, '4800.00', 'PENDING', 240, 13),
(1075, 4, '2040-03-27 00:00:00', NULL, '4800.00', 'PENDING', 240, 13),
(1076, 4, '2040-04-27 00:00:00', NULL, '4800.00', 'PENDING', 240, 13),
(1077, 4, '2040-05-27 00:00:00', NULL, '4800.00', 'PENDING', 240, 13),
(1078, 4, '2040-06-27 00:00:00', NULL, '4800.00', 'PENDING', 240, 13),
(1079, 4, '2040-07-27 00:00:00', NULL, '4800.00', 'PENDING', 240, 13),
(1080, 4, '2040-08-27 00:00:00', NULL, '4800.00', 'PENDING', 240, 13),
(1081, 4, '2040-09-27 00:00:00', NULL, '4800.00', 'PENDING', 240, 13),
(1082, 4, '2040-10-27 00:00:00', NULL, '4800.00', 'PENDING', 240, 13),
(1083, 4, '2040-11-27 00:00:00', NULL, '4800.00', 'PENDING', 240, 13),
(1084, 4, '2040-12-27 00:00:00', NULL, '4800.00', 'PENDING', 240, 13),
(1085, 4, '2041-01-27 00:00:00', NULL, '4800.00', 'PENDING', 240, 13),
(1086, 4, '2041-02-27 00:00:00', NULL, '4800.00', 'PENDING', 240, 13),
(1087, 4, '2041-03-27 00:00:00', NULL, '4800.00', 'PENDING', 240, 13),
(1088, 4, '2041-04-27 00:00:00', NULL, '4800.00', 'PENDING', 240, 13),
(1089, 4, '2041-05-27 00:00:00', NULL, '4800.00', 'PENDING', 240, 13),
(1090, 4, '2041-06-27 00:00:00', NULL, '4800.00', 'PENDING', 240, 13),
(1091, 4, '2041-07-27 00:00:00', NULL, '4800.00', 'PENDING', 240, 13),
(1092, 4, '2041-08-27 00:00:00', NULL, '4800.00', 'PENDING', 240, 13),
(1093, 4, '2041-09-27 00:00:00', NULL, '4800.00', 'PENDING', 240, 13),
(1094, 4, '2041-10-27 00:00:00', NULL, '4800.00', 'PENDING', 240, 13),
(1095, 4, '2041-11-27 00:00:00', NULL, '4800.00', 'PENDING', 240, 13),
(1096, 4, '2041-12-27 00:00:00', NULL, '4800.00', 'PENDING', 240, 13),
(1097, 4, '2042-01-27 00:00:00', NULL, '4800.00', 'PENDING', 240, 13),
(1098, 4, '2042-02-27 00:00:00', NULL, '4800.00', 'PENDING', 240, 13),
(1099, 4, '2042-03-27 00:00:00', NULL, '4800.00', 'PENDING', 240, 13),
(1100, 4, '2042-04-27 00:00:00', NULL, '4800.00', 'PENDING', 240, 13),
(1101, 4, '2042-05-27 00:00:00', NULL, '4800.00', 'PENDING', 240, 13),
(1102, 4, '2042-06-27 00:00:00', NULL, '4800.00', 'PENDING', 240, 13),
(1103, 4, '2042-07-27 00:00:00', NULL, '4800.00', 'PENDING', 240, 13),
(1104, 4, '2042-08-27 00:00:00', NULL, '4800.00', 'PENDING', 240, 13),
(1105, 4, '2042-09-27 00:00:00', NULL, '4800.00', 'PENDING', 240, 13),
(1106, 4, '2042-10-27 00:00:00', NULL, '4800.00', 'PENDING', 240, 13),
(1107, 4, '2042-11-27 00:00:00', NULL, '4800.00', 'PENDING', 240, 13),
(1108, 4, '2042-12-27 00:00:00', NULL, '4800.00', 'PENDING', 240, 13),
(1109, 4, '2043-01-27 00:00:00', NULL, '4800.00', 'PENDING', 240, 13),
(1110, 4, '2043-02-27 00:00:00', NULL, '4800.00', 'PENDING', 240, 13),
(1111, 4, '2043-03-27 00:00:00', NULL, '4800.00', 'PENDING', 240, 13),
(1112, 4, '2043-04-27 00:00:00', NULL, '4800.00', 'PENDING', 240, 13),
(1113, 4, '2043-05-27 00:00:00', NULL, '4800.00', 'PENDING', 240, 13),
(1114, 4, '2043-06-27 00:00:00', NULL, '4800.00', 'PENDING', 240, 13),
(1115, 4, '2043-07-27 00:00:00', NULL, '4800.00', 'PENDING', 240, 13),
(1116, 4, '2043-08-27 00:00:00', NULL, '4800.00', 'PENDING', 240, 13),
(1117, 4, '2043-09-27 00:00:00', NULL, '4800.00', 'PENDING', 240, 13),
(1118, 4, '2043-10-27 00:00:00', NULL, '4800.00', 'PENDING', 240, 13),
(1119, 4, '2043-11-27 00:00:00', NULL, '4800.00', 'PENDING', 240, 13),
(1120, 4, '2043-12-27 00:00:00', NULL, '4800.00', 'PENDING', 240, 13),
(1121, 4, '2044-01-27 00:00:00', NULL, '4800.00', 'PENDING', 240, 13),
(1122, 4, '2044-02-27 00:00:00', NULL, '4800.00', 'PENDING', 240, 13),
(1123, 4, '2044-03-27 00:00:00', NULL, '4800.00', 'PENDING', 240, 13),
(1124, 4, '2044-04-27 00:00:00', NULL, '4800.00', 'PENDING', 240, 13),
(1125, 4, '2044-05-27 00:00:00', NULL, '4800.00', 'PENDING', 240, 13),
(1126, 4, '2044-06-27 00:00:00', NULL, '4800.00', 'PENDING', 240, 13),
(1127, 4, '2044-07-27 00:00:00', NULL, '4800.00', 'PENDING', 240, 13),
(1128, 4, '2044-08-27 00:00:00', NULL, '4800.00', 'PENDING', 240, 13),
(1129, 4, '2044-09-27 00:00:00', NULL, '4800.00', 'PENDING', 240, 13),
(1130, 4, '2044-10-27 00:00:00', NULL, '4800.00', 'PENDING', 240, 13),
(1131, 4, '2044-11-27 00:00:00', NULL, '4800.00', 'PENDING', 240, 13),
(1132, 4, '2044-12-27 00:00:00', NULL, '4800.00', 'PENDING', 240, 13),
(1133, 4, '2045-01-27 00:00:00', NULL, '4800.00', 'PENDING', 240, 13),
(1134, 4, '2045-02-27 00:00:00', NULL, '4800.00', 'PENDING', 240, 13),
(1135, 4, '2045-03-27 00:00:00', NULL, '4800.00', 'PENDING', 240, 13),
(1136, 4, '2045-04-27 00:00:00', NULL, '4800.00', 'PENDING', 240, 13),
(1137, 4, '2045-05-27 00:00:00', NULL, '4800.00', 'PENDING', 240, 13),
(1138, 4, '2045-06-27 00:00:00', NULL, '4800.00', 'PENDING', 240, 13),
(1139, 4, '2045-07-27 00:00:00', NULL, '4800.00', 'PENDING', 240, 13),
(1140, 4, '2045-08-27 00:00:00', NULL, '4800.00', 'PENDING', 240, 13),
(1141, 4, '2045-09-27 00:00:00', NULL, '4800.00', 'PENDING', 240, 13),
(1142, 4, '2045-10-27 00:00:00', NULL, '4800.00', 'PENDING', 240, 13),
(1143, 4, '2045-11-27 00:00:00', NULL, '4800.00', 'PENDING', 240, 13),
(1144, 4, '2045-12-27 00:00:00', NULL, '4800.00', 'PENDING', 240, 13),
(1145, 4, '2046-01-27 00:00:00', NULL, '4800.00', 'PENDING', 240, 13),
(1146, 4, '2046-02-27 00:00:00', NULL, '4800.00', 'PENDING', 240, 13),
(1147, 4, '2046-03-27 00:00:00', NULL, '4800.00', 'PENDING', 240, 13),
(1148, 4, '2046-04-27 00:00:00', NULL, '4800.00', 'PENDING', 240, 13),
(1149, 4, '2046-05-27 00:00:00', NULL, '4800.00', 'PENDING', 240, 13),
(1150, 4, '2046-06-27 00:00:00', NULL, '4800.00', 'PENDING', 240, 13),
(1151, 4, '2046-07-27 00:00:00', NULL, '4800.00', 'PENDING', 240, 13),
(1152, 4, '2046-08-27 00:00:00', NULL, '4800.00', 'PENDING', 240, 13),
(1153, 4, '2046-09-27 00:00:00', NULL, '4800.00', 'PENDING', 240, 13),
(1154, 4, '2046-10-27 00:00:00', NULL, '4800.00', 'PENDING', 240, 13),
(1155, 4, '2046-11-27 00:00:00', NULL, '4800.00', 'PENDING', 240, 13),
(1156, 4, '2046-12-27 00:00:00', NULL, '4800.00', 'PENDING', 240, 13),
(1157, 4, '2047-01-27 00:00:00', NULL, '4800.00', 'PENDING', 240, 13),
(1158, 4, '2047-02-27 00:00:00', NULL, '4800.00', 'PENDING', 240, 13),
(1159, 4, '2047-03-27 00:00:00', NULL, '4800.00', 'PENDING', 240, 13),
(1160, 4, '2047-04-27 00:00:00', NULL, '4800.00', 'PENDING', 240, 13),
(1161, 4, '2047-05-27 00:00:00', NULL, '4800.00', 'PENDING', 240, 13),
(1162, 4, '2047-06-27 00:00:00', NULL, '4800.00', 'PENDING', 240, 13),
(1163, 4, '2047-07-27 00:00:00', NULL, '4800.00', 'PENDING', 240, 13),
(1164, 4, '2047-08-27 00:00:00', NULL, '4800.00', 'PENDING', 240, 13),
(1165, 4, '2047-09-27 00:00:00', NULL, '4800.00', 'PENDING', 240, 13),
(1166, 4, '2047-10-27 00:00:00', NULL, '4800.00', 'PENDING', 240, 13),
(1167, 4, '2047-11-27 00:00:00', NULL, '4800.00', 'PENDING', 240, 13),
(1168, 4, '2047-12-27 00:00:00', NULL, '4800.00', 'PENDING', 240, 13),
(1169, 4, '2048-01-27 00:00:00', NULL, '4800.00', 'PENDING', 240, 13),
(1170, 4, '2048-02-27 00:00:00', NULL, '4800.00', 'PENDING', 240, 13),
(1171, 4, '2048-03-27 00:00:00', NULL, '4800.00', 'PENDING', 240, 13),
(1172, 4, '2048-04-27 00:00:00', NULL, '4800.00', 'PENDING', 240, 13),
(1173, 4, '2048-05-27 00:00:00', NULL, '4800.00', 'PENDING', 240, 13),
(1174, 4, '2048-06-27 00:00:00', NULL, '4800.00', 'PENDING', 240, 13),
(1175, 4, '2048-07-27 00:00:00', NULL, '4800.00', 'PENDING', 240, 13),
(1176, 4, '2048-08-27 00:00:00', NULL, '4800.00', 'PENDING', 240, 13),
(1177, 4, '2048-09-27 00:00:00', NULL, '4800.00', 'PENDING', 240, 13),
(1178, 4, '2048-10-27 00:00:00', NULL, '4800.00', 'PENDING', 240, 13),
(1179, 4, '2048-11-27 00:00:00', NULL, '4800.00', 'PENDING', 240, 13),
(1180, 4, '2048-12-27 00:00:00', NULL, '4800.00', 'PENDING', 240, 13),
(1181, 4, '2049-01-27 00:00:00', NULL, '4800.00', 'PENDING', 240, 13),
(1182, 4, '2049-02-27 00:00:00', NULL, '4800.00', 'PENDING', 240, 13),
(1183, 4, '2049-03-27 00:00:00', NULL, '4800.00', 'PENDING', 240, 13),
(1184, 4, '2049-04-27 00:00:00', NULL, '4800.00', 'PENDING', 240, 13),
(1185, 4, '2049-05-27 00:00:00', NULL, '4800.00', 'PENDING', 240, 13),
(1186, 4, '2049-06-27 00:00:00', NULL, '4800.00', 'PENDING', 240, 13),
(1187, 4, '2049-07-27 00:00:00', NULL, '4800.00', 'PENDING', 240, 13),
(1188, 4, '2049-08-27 00:00:00', NULL, '4800.00', 'PENDING', 240, 13),
(1189, 4, '2049-09-27 00:00:00', NULL, '4800.00', 'PENDING', 240, 13),
(1190, 4, '2049-10-27 00:00:00', NULL, '4800.00', 'PENDING', 240, 13),
(1191, 4, '2049-11-27 00:00:00', NULL, '4800.00', 'PENDING', 240, 13),
(1192, 1, '2019-12-27 00:00:00', NULL, '6000.00', 'PENDING', 240, 14),
(1193, 3, '2019-12-27 00:00:00', NULL, '3600.00', 'PENDING', 240, 14),
(1194, 3, '2020-01-27 00:00:00', NULL, '3600.00', 'PENDING', 240, 14),
(1195, 3, '2020-02-27 00:00:00', NULL, '3600.00', 'PENDING', 240, 14),
(1196, 3, '2020-03-27 00:00:00', NULL, '3600.00', 'PENDING', 240, 14),
(1197, 3, '2020-04-27 00:00:00', NULL, '3600.00', 'PENDING', 240, 14),
(1198, 3, '2020-05-27 00:00:00', NULL, '3600.00', 'PENDING', 240, 14),
(1199, 3, '2020-06-27 00:00:00', NULL, '3600.00', 'PENDING', 240, 14),
(1200, 3, '2020-07-27 00:00:00', NULL, '3600.00', 'PENDING', 240, 14),
(1201, 3, '2020-08-27 00:00:00', NULL, '3600.00', 'PENDING', 240, 14),
(1202, 3, '2020-09-27 00:00:00', NULL, '3600.00', 'PENDING', 240, 14),
(1203, 3, '2020-10-27 00:00:00', NULL, '3600.00', 'PENDING', 240, 14),
(1204, 3, '2020-11-27 00:00:00', NULL, '3600.00', 'PENDING', 240, 14),
(1205, 3, '2020-12-27 00:00:00', NULL, '3600.00', 'PENDING', 240, 14),
(1206, 3, '2021-01-27 00:00:00', NULL, '3600.00', 'PENDING', 240, 14),
(1207, 3, '2021-02-27 00:00:00', NULL, '3600.00', 'PENDING', 240, 14),
(1208, 3, '2021-03-27 00:00:00', NULL, '3600.00', 'PENDING', 240, 14),
(1209, 3, '2021-04-27 00:00:00', NULL, '3600.00', 'PENDING', 240, 14),
(1210, 3, '2021-05-27 00:00:00', NULL, '3600.00', 'PENDING', 240, 14),
(1211, 3, '2021-06-27 00:00:00', NULL, '3600.00', 'PENDING', 240, 14),
(1212, 3, '2021-07-27 00:00:00', NULL, '3600.00', 'PENDING', 240, 14),
(1213, 3, '2021-08-27 00:00:00', NULL, '3600.00', 'PENDING', 240, 14),
(1214, 3, '2021-09-27 00:00:00', NULL, '3600.00', 'PENDING', 240, 14),
(1215, 3, '2021-10-27 00:00:00', NULL, '3600.00', 'PENDING', 240, 14),
(1216, 3, '2021-11-27 00:00:00', NULL, '3600.00', 'PENDING', 240, 14),
(1217, 3, '2021-12-27 00:00:00', NULL, '3600.00', 'PENDING', 240, 14),
(1218, 3, '2022-01-27 00:00:00', NULL, '3600.00', 'PENDING', 240, 14),
(1219, 3, '2022-02-27 00:00:00', NULL, '3600.00', 'PENDING', 240, 14),
(1220, 3, '2022-03-27 00:00:00', NULL, '3600.00', 'PENDING', 240, 14),
(1221, 3, '2022-04-27 00:00:00', NULL, '3600.00', 'PENDING', 240, 14),
(1222, 3, '2022-05-27 00:00:00', NULL, '3600.00', 'PENDING', 240, 14),
(1223, 3, '2022-06-27 00:00:00', NULL, '3600.00', 'PENDING', 240, 14),
(1224, 3, '2022-07-27 00:00:00', NULL, '3600.00', 'PENDING', 240, 14),
(1225, 3, '2022-08-27 00:00:00', NULL, '3600.00', 'PENDING', 240, 14),
(1226, 3, '2022-09-27 00:00:00', NULL, '3600.00', 'PENDING', 240, 14),
(1227, 3, '2022-10-27 00:00:00', NULL, '3600.00', 'PENDING', 240, 14),
(1228, 3, '2022-11-27 00:00:00', NULL, '3600.00', 'PENDING', 240, 14),
(1229, 4, '2019-12-27 00:00:00', NULL, '3600.00', 'PENDING', 240, 14),
(1230, 4, '2020-01-27 00:00:00', NULL, '3600.00', 'PENDING', 240, 14),
(1231, 4, '2020-02-27 00:00:00', NULL, '3600.00', 'PENDING', 240, 14),
(1232, 4, '2020-03-27 00:00:00', NULL, '3600.00', 'PENDING', 240, 14),
(1233, 4, '2020-04-27 00:00:00', NULL, '3600.00', 'PENDING', 240, 14),
(1234, 4, '2020-05-27 00:00:00', NULL, '3600.00', 'PENDING', 240, 14),
(1235, 4, '2020-06-27 00:00:00', NULL, '3600.00', 'PENDING', 240, 14),
(1236, 4, '2020-07-27 00:00:00', NULL, '3600.00', 'PENDING', 240, 14),
(1237, 4, '2020-08-27 00:00:00', NULL, '3600.00', 'PENDING', 240, 14),
(1238, 4, '2020-09-27 00:00:00', NULL, '3600.00', 'PENDING', 240, 14),
(1239, 4, '2020-10-27 00:00:00', NULL, '3600.00', 'PENDING', 240, 14),
(1240, 4, '2020-11-27 00:00:00', NULL, '3600.00', 'PENDING', 240, 14),
(1241, 4, '2020-12-27 00:00:00', NULL, '3600.00', 'PENDING', 240, 14),
(1242, 4, '2021-01-27 00:00:00', NULL, '3600.00', 'PENDING', 240, 14),
(1243, 4, '2021-02-27 00:00:00', NULL, '3600.00', 'PENDING', 240, 14),
(1244, 4, '2021-03-27 00:00:00', NULL, '3600.00', 'PENDING', 240, 14),
(1245, 4, '2021-04-27 00:00:00', NULL, '3600.00', 'PENDING', 240, 14),
(1246, 4, '2021-05-27 00:00:00', NULL, '3600.00', 'PENDING', 240, 14),
(1247, 4, '2021-06-27 00:00:00', NULL, '3600.00', 'PENDING', 240, 14),
(1248, 4, '2021-07-27 00:00:00', NULL, '3600.00', 'PENDING', 240, 14),
(1249, 4, '2021-08-27 00:00:00', NULL, '3600.00', 'PENDING', 240, 14),
(1250, 4, '2021-09-27 00:00:00', NULL, '3600.00', 'PENDING', 240, 14),
(1251, 4, '2021-10-27 00:00:00', NULL, '3600.00', 'PENDING', 240, 14),
(1252, 4, '2021-11-27 00:00:00', NULL, '3600.00', 'PENDING', 240, 14),
(1253, 4, '2021-12-27 00:00:00', NULL, '3600.00', 'PENDING', 240, 14),
(1254, 4, '2022-01-27 00:00:00', NULL, '3600.00', 'PENDING', 240, 14),
(1255, 4, '2022-02-27 00:00:00', NULL, '3600.00', 'PENDING', 240, 14),
(1256, 4, '2022-03-27 00:00:00', NULL, '3600.00', 'PENDING', 240, 14),
(1257, 4, '2022-04-27 00:00:00', NULL, '3600.00', 'PENDING', 240, 14),
(1258, 4, '2022-05-27 00:00:00', NULL, '3600.00', 'PENDING', 240, 14),
(1259, 4, '2022-06-27 00:00:00', NULL, '3600.00', 'PENDING', 240, 14),
(1260, 4, '2022-07-27 00:00:00', NULL, '3600.00', 'PENDING', 240, 14),
(1261, 4, '2022-08-27 00:00:00', NULL, '3600.00', 'PENDING', 240, 14),
(1262, 4, '2022-09-27 00:00:00', NULL, '3600.00', 'PENDING', 240, 14),
(1263, 4, '2022-10-27 00:00:00', NULL, '3600.00', 'PENDING', 240, 14),
(1264, 4, '2022-11-27 00:00:00', NULL, '3600.00', 'PENDING', 240, 14),
(1265, 4, '2022-12-27 00:00:00', NULL, '3600.00', 'PENDING', 240, 14),
(1266, 4, '2023-01-27 00:00:00', NULL, '3600.00', 'PENDING', 240, 14),
(1267, 4, '2023-02-27 00:00:00', NULL, '3600.00', 'PENDING', 240, 14),
(1268, 4, '2023-03-27 00:00:00', NULL, '3600.00', 'PENDING', 240, 14),
(1269, 4, '2023-04-27 00:00:00', NULL, '3600.00', 'PENDING', 240, 14),
(1270, 4, '2023-05-27 00:00:00', NULL, '3600.00', 'PENDING', 240, 14),
(1271, 4, '2023-06-27 00:00:00', NULL, '3600.00', 'PENDING', 240, 14),
(1272, 4, '2023-07-27 00:00:00', NULL, '3600.00', 'PENDING', 240, 14),
(1273, 4, '2023-08-27 00:00:00', NULL, '3600.00', 'PENDING', 240, 14),
(1274, 4, '2023-09-27 00:00:00', NULL, '3600.00', 'PENDING', 240, 14),
(1275, 4, '2023-10-27 00:00:00', NULL, '3600.00', 'PENDING', 240, 14),
(1276, 4, '2023-11-27 00:00:00', NULL, '3600.00', 'PENDING', 240, 14),
(1277, 4, '2023-12-27 00:00:00', NULL, '3600.00', 'PENDING', 240, 14),
(1278, 4, '2024-01-27 00:00:00', NULL, '3600.00', 'PENDING', 240, 14),
(1279, 4, '2024-02-27 00:00:00', NULL, '3600.00', 'PENDING', 240, 14),
(1280, 4, '2024-03-27 00:00:00', NULL, '3600.00', 'PENDING', 240, 14),
(1281, 4, '2024-04-27 00:00:00', NULL, '3600.00', 'PENDING', 240, 14),
(1282, 4, '2024-05-27 00:00:00', NULL, '3600.00', 'PENDING', 240, 14),
(1283, 4, '2024-06-27 00:00:00', NULL, '3600.00', 'PENDING', 240, 14),
(1284, 4, '2024-07-27 00:00:00', NULL, '3600.00', 'PENDING', 240, 14),
(1285, 4, '2024-08-27 00:00:00', NULL, '3600.00', 'PENDING', 240, 14),
(1286, 4, '2024-09-27 00:00:00', NULL, '3600.00', 'PENDING', 240, 14),
(1287, 4, '2024-10-27 00:00:00', NULL, '3600.00', 'PENDING', 240, 14),
(1288, 4, '2024-11-27 00:00:00', NULL, '3600.00', 'PENDING', 240, 14),
(1289, 4, '2024-12-27 00:00:00', NULL, '3600.00', 'PENDING', 240, 14),
(1290, 4, '2025-01-27 00:00:00', NULL, '3600.00', 'PENDING', 240, 14),
(1291, 4, '2025-02-27 00:00:00', NULL, '3600.00', 'PENDING', 240, 14),
(1292, 4, '2025-03-27 00:00:00', NULL, '3600.00', 'PENDING', 240, 14),
(1293, 4, '2025-04-27 00:00:00', NULL, '3600.00', 'PENDING', 240, 14),
(1294, 4, '2025-05-27 00:00:00', NULL, '3600.00', 'PENDING', 240, 14),
(1295, 4, '2025-06-27 00:00:00', NULL, '3600.00', 'PENDING', 240, 14),
(1296, 4, '2025-07-27 00:00:00', NULL, '3600.00', 'PENDING', 240, 14),
(1297, 4, '2025-08-27 00:00:00', NULL, '3600.00', 'PENDING', 240, 14),
(1298, 4, '2025-09-27 00:00:00', NULL, '3600.00', 'PENDING', 240, 14),
(1299, 4, '2025-10-27 00:00:00', NULL, '3600.00', 'PENDING', 240, 14),
(1300, 4, '2025-11-27 00:00:00', NULL, '3600.00', 'PENDING', 240, 14),
(1301, 4, '2025-12-27 00:00:00', NULL, '3600.00', 'PENDING', 240, 14),
(1302, 4, '2026-01-27 00:00:00', NULL, '3600.00', 'PENDING', 240, 14),
(1303, 4, '2026-02-27 00:00:00', NULL, '3600.00', 'PENDING', 240, 14),
(1304, 4, '2026-03-27 00:00:00', NULL, '3600.00', 'PENDING', 240, 14),
(1305, 4, '2026-04-27 00:00:00', NULL, '3600.00', 'PENDING', 240, 14),
(1306, 4, '2026-05-27 00:00:00', NULL, '3600.00', 'PENDING', 240, 14),
(1307, 4, '2026-06-27 00:00:00', NULL, '3600.00', 'PENDING', 240, 14),
(1308, 4, '2026-07-27 00:00:00', NULL, '3600.00', 'PENDING', 240, 14),
(1309, 4, '2026-08-27 00:00:00', NULL, '3600.00', 'PENDING', 240, 14),
(1310, 4, '2026-09-27 00:00:00', NULL, '3600.00', 'PENDING', 240, 14),
(1311, 4, '2026-10-27 00:00:00', NULL, '3600.00', 'PENDING', 240, 14),
(1312, 4, '2026-11-27 00:00:00', NULL, '3600.00', 'PENDING', 240, 14),
(1313, 4, '2026-12-27 00:00:00', NULL, '3600.00', 'PENDING', 240, 14),
(1314, 4, '2027-01-27 00:00:00', NULL, '3600.00', 'PENDING', 240, 14),
(1315, 4, '2027-02-27 00:00:00', NULL, '3600.00', 'PENDING', 240, 14),
(1316, 4, '2027-03-27 00:00:00', NULL, '3600.00', 'PENDING', 240, 14),
(1317, 4, '2027-04-27 00:00:00', NULL, '3600.00', 'PENDING', 240, 14),
(1318, 4, '2027-05-27 00:00:00', NULL, '3600.00', 'PENDING', 240, 14),
(1319, 4, '2027-06-27 00:00:00', NULL, '3600.00', 'PENDING', 240, 14),
(1320, 4, '2027-07-27 00:00:00', NULL, '3600.00', 'PENDING', 240, 14),
(1321, 4, '2027-08-27 00:00:00', NULL, '3600.00', 'PENDING', 240, 14),
(1322, 4, '2027-09-27 00:00:00', NULL, '3600.00', 'PENDING', 240, 14),
(1323, 4, '2027-10-27 00:00:00', NULL, '3600.00', 'PENDING', 240, 14),
(1324, 4, '2027-11-27 00:00:00', NULL, '3600.00', 'PENDING', 240, 14),
(1325, 4, '2027-12-27 00:00:00', NULL, '3600.00', 'PENDING', 240, 14),
(1326, 4, '2028-01-27 00:00:00', NULL, '3600.00', 'PENDING', 240, 14),
(1327, 4, '2028-02-27 00:00:00', NULL, '3600.00', 'PENDING', 240, 14),
(1328, 4, '2028-03-27 00:00:00', NULL, '3600.00', 'PENDING', 240, 14),
(1329, 4, '2028-04-27 00:00:00', NULL, '3600.00', 'PENDING', 240, 14),
(1330, 4, '2028-05-27 00:00:00', NULL, '3600.00', 'PENDING', 240, 14),
(1331, 4, '2028-06-27 00:00:00', NULL, '3600.00', 'PENDING', 240, 14),
(1332, 4, '2028-07-27 00:00:00', NULL, '3600.00', 'PENDING', 240, 14),
(1333, 4, '2028-08-27 00:00:00', NULL, '3600.00', 'PENDING', 240, 14),
(1334, 4, '2028-09-27 00:00:00', NULL, '3600.00', 'PENDING', 240, 14),
(1335, 4, '2028-10-27 00:00:00', NULL, '3600.00', 'PENDING', 240, 14),
(1336, 4, '2028-11-27 00:00:00', NULL, '3600.00', 'PENDING', 240, 14),
(1337, 4, '2028-12-27 00:00:00', NULL, '3600.00', 'PENDING', 240, 14),
(1338, 4, '2029-01-27 00:00:00', NULL, '3600.00', 'PENDING', 240, 14),
(1339, 4, '2029-02-27 00:00:00', NULL, '3600.00', 'PENDING', 240, 14),
(1340, 4, '2029-03-27 00:00:00', NULL, '3600.00', 'PENDING', 240, 14),
(1341, 4, '2029-04-27 00:00:00', NULL, '3600.00', 'PENDING', 240, 14),
(1342, 4, '2029-05-27 00:00:00', NULL, '3600.00', 'PENDING', 240, 14),
(1343, 4, '2029-06-27 00:00:00', NULL, '3600.00', 'PENDING', 240, 14),
(1344, 4, '2029-07-27 00:00:00', NULL, '3600.00', 'PENDING', 240, 14),
(1345, 4, '2029-08-27 00:00:00', NULL, '3600.00', 'PENDING', 240, 14),
(1346, 4, '2029-09-27 00:00:00', NULL, '3600.00', 'PENDING', 240, 14),
(1347, 4, '2029-10-27 00:00:00', NULL, '3600.00', 'PENDING', 240, 14),
(1348, 4, '2029-11-27 00:00:00', NULL, '3600.00', 'PENDING', 240, 14),
(1349, 4, '2029-12-27 00:00:00', NULL, '3600.00', 'PENDING', 240, 14),
(1350, 4, '2030-01-27 00:00:00', NULL, '3600.00', 'PENDING', 240, 14),
(1351, 4, '2030-02-27 00:00:00', NULL, '3600.00', 'PENDING', 240, 14),
(1352, 4, '2030-03-27 00:00:00', NULL, '3600.00', 'PENDING', 240, 14),
(1353, 4, '2030-04-27 00:00:00', NULL, '3600.00', 'PENDING', 240, 14),
(1354, 4, '2030-05-27 00:00:00', NULL, '3600.00', 'PENDING', 240, 14),
(1355, 4, '2030-06-27 00:00:00', NULL, '3600.00', 'PENDING', 240, 14),
(1356, 4, '2030-07-27 00:00:00', NULL, '3600.00', 'PENDING', 240, 14),
(1357, 4, '2030-08-27 00:00:00', NULL, '3600.00', 'PENDING', 240, 14),
(1358, 4, '2030-09-27 00:00:00', NULL, '3600.00', 'PENDING', 240, 14),
(1359, 4, '2030-10-27 00:00:00', NULL, '3600.00', 'PENDING', 240, 14),
(1360, 4, '2030-11-27 00:00:00', NULL, '3600.00', 'PENDING', 240, 14),
(1361, 4, '2030-12-27 00:00:00', NULL, '3600.00', 'PENDING', 240, 14),
(1362, 4, '2031-01-27 00:00:00', NULL, '3600.00', 'PENDING', 240, 14),
(1363, 4, '2031-02-27 00:00:00', NULL, '3600.00', 'PENDING', 240, 14),
(1364, 4, '2031-03-27 00:00:00', NULL, '3600.00', 'PENDING', 240, 14),
(1365, 4, '2031-04-27 00:00:00', NULL, '3600.00', 'PENDING', 240, 14),
(1366, 4, '2031-05-27 00:00:00', NULL, '3600.00', 'PENDING', 240, 14),
(1367, 4, '2031-06-27 00:00:00', NULL, '3600.00', 'PENDING', 240, 14),
(1368, 4, '2031-07-27 00:00:00', NULL, '3600.00', 'PENDING', 240, 14),
(1369, 4, '2031-08-27 00:00:00', NULL, '3600.00', 'PENDING', 240, 14),
(1370, 4, '2031-09-27 00:00:00', NULL, '3600.00', 'PENDING', 240, 14),
(1371, 4, '2031-10-27 00:00:00', NULL, '3600.00', 'PENDING', 240, 14),
(1372, 4, '2031-11-27 00:00:00', NULL, '3600.00', 'PENDING', 240, 14),
(1373, 4, '2031-12-27 00:00:00', NULL, '3600.00', 'PENDING', 240, 14),
(1374, 4, '2032-01-27 00:00:00', NULL, '3600.00', 'PENDING', 240, 14),
(1375, 4, '2032-02-27 00:00:00', NULL, '3600.00', 'PENDING', 240, 14),
(1376, 4, '2032-03-27 00:00:00', NULL, '3600.00', 'PENDING', 240, 14),
(1377, 4, '2032-04-27 00:00:00', NULL, '3600.00', 'PENDING', 240, 14),
(1378, 4, '2032-05-27 00:00:00', NULL, '3600.00', 'PENDING', 240, 14),
(1379, 4, '2032-06-27 00:00:00', NULL, '3600.00', 'PENDING', 240, 14),
(1380, 4, '2032-07-27 00:00:00', NULL, '3600.00', 'PENDING', 240, 14),
(1381, 4, '2032-08-27 00:00:00', NULL, '3600.00', 'PENDING', 240, 14),
(1382, 4, '2032-09-27 00:00:00', NULL, '3600.00', 'PENDING', 240, 14),
(1383, 4, '2032-10-27 00:00:00', NULL, '3600.00', 'PENDING', 240, 14),
(1384, 4, '2032-11-27 00:00:00', NULL, '3600.00', 'PENDING', 240, 14),
(1385, 4, '2032-12-27 00:00:00', NULL, '3600.00', 'PENDING', 240, 14),
(1386, 4, '2033-01-27 00:00:00', NULL, '3600.00', 'PENDING', 240, 14),
(1387, 4, '2033-02-27 00:00:00', NULL, '3600.00', 'PENDING', 240, 14),
(1388, 4, '2033-03-27 00:00:00', NULL, '3600.00', 'PENDING', 240, 14),
(1389, 4, '2033-04-27 00:00:00', NULL, '3600.00', 'PENDING', 240, 14),
(1390, 4, '2033-05-27 00:00:00', NULL, '3600.00', 'PENDING', 240, 14),
(1391, 4, '2033-06-27 00:00:00', NULL, '3600.00', 'PENDING', 240, 14),
(1392, 4, '2033-07-27 00:00:00', NULL, '3600.00', 'PENDING', 240, 14),
(1393, 4, '2033-08-27 00:00:00', NULL, '3600.00', 'PENDING', 240, 14),
(1394, 4, '2033-09-27 00:00:00', NULL, '3600.00', 'PENDING', 240, 14),
(1395, 4, '2033-10-27 00:00:00', NULL, '3600.00', 'PENDING', 240, 14),
(1396, 4, '2033-11-27 00:00:00', NULL, '3600.00', 'PENDING', 240, 14),
(1397, 4, '2033-12-27 00:00:00', NULL, '3600.00', 'PENDING', 240, 14),
(1398, 4, '2034-01-27 00:00:00', NULL, '3600.00', 'PENDING', 240, 14),
(1399, 4, '2034-02-27 00:00:00', NULL, '3600.00', 'PENDING', 240, 14),
(1400, 4, '2034-03-27 00:00:00', NULL, '3600.00', 'PENDING', 240, 14),
(1401, 4, '2034-04-27 00:00:00', NULL, '3600.00', 'PENDING', 240, 14),
(1402, 4, '2034-05-27 00:00:00', NULL, '3600.00', 'PENDING', 240, 14),
(1403, 4, '2034-06-27 00:00:00', NULL, '3600.00', 'PENDING', 240, 14),
(1404, 4, '2034-07-27 00:00:00', NULL, '3600.00', 'PENDING', 240, 14),
(1405, 4, '2034-08-27 00:00:00', NULL, '3600.00', 'PENDING', 240, 14),
(1406, 4, '2034-09-27 00:00:00', NULL, '3600.00', 'PENDING', 240, 14),
(1407, 4, '2034-10-27 00:00:00', NULL, '3600.00', 'PENDING', 240, 14),
(1408, 4, '2034-11-27 00:00:00', NULL, '3600.00', 'PENDING', 240, 14),
(1409, 4, '2034-12-27 00:00:00', NULL, '3600.00', 'PENDING', 240, 14),
(1410, 4, '2035-01-27 00:00:00', NULL, '3600.00', 'PENDING', 240, 14),
(1411, 4, '2035-02-27 00:00:00', NULL, '3600.00', 'PENDING', 240, 14),
(1412, 4, '2035-03-27 00:00:00', NULL, '3600.00', 'PENDING', 240, 14),
(1413, 4, '2035-04-27 00:00:00', NULL, '3600.00', 'PENDING', 240, 14),
(1414, 4, '2035-05-27 00:00:00', NULL, '3600.00', 'PENDING', 240, 14),
(1415, 4, '2035-06-27 00:00:00', NULL, '3600.00', 'PENDING', 240, 14),
(1416, 4, '2035-07-27 00:00:00', NULL, '3600.00', 'PENDING', 240, 14),
(1417, 4, '2035-08-27 00:00:00', NULL, '3600.00', 'PENDING', 240, 14),
(1418, 4, '2035-09-27 00:00:00', NULL, '3600.00', 'PENDING', 240, 14),
(1419, 4, '2035-10-27 00:00:00', NULL, '3600.00', 'PENDING', 240, 14),
(1420, 4, '2035-11-27 00:00:00', NULL, '3600.00', 'PENDING', 240, 14),
(1421, 4, '2035-12-27 00:00:00', NULL, '3600.00', 'PENDING', 240, 14),
(1422, 4, '2036-01-27 00:00:00', NULL, '3600.00', 'PENDING', 240, 14),
(1423, 4, '2036-02-27 00:00:00', NULL, '3600.00', 'PENDING', 240, 14),
(1424, 4, '2036-03-27 00:00:00', NULL, '3600.00', 'PENDING', 240, 14),
(1425, 4, '2036-04-27 00:00:00', NULL, '3600.00', 'PENDING', 240, 14),
(1426, 4, '2036-05-27 00:00:00', NULL, '3600.00', 'PENDING', 240, 14),
(1427, 4, '2036-06-27 00:00:00', NULL, '3600.00', 'PENDING', 240, 14),
(1428, 4, '2036-07-27 00:00:00', NULL, '3600.00', 'PENDING', 240, 14),
(1429, 4, '2036-08-27 00:00:00', NULL, '3600.00', 'PENDING', 240, 14),
(1430, 4, '2036-09-27 00:00:00', NULL, '3600.00', 'PENDING', 240, 14),
(1431, 4, '2036-10-27 00:00:00', NULL, '3600.00', 'PENDING', 240, 14),
(1432, 4, '2036-11-27 00:00:00', NULL, '3600.00', 'PENDING', 240, 14),
(1433, 4, '2036-12-27 00:00:00', NULL, '3600.00', 'PENDING', 240, 14),
(1434, 4, '2037-01-27 00:00:00', NULL, '3600.00', 'PENDING', 240, 14),
(1435, 4, '2037-02-27 00:00:00', NULL, '3600.00', 'PENDING', 240, 14),
(1436, 4, '2037-03-27 00:00:00', NULL, '3600.00', 'PENDING', 240, 14),
(1437, 4, '2037-04-27 00:00:00', NULL, '3600.00', 'PENDING', 240, 14),
(1438, 4, '2037-05-27 00:00:00', NULL, '3600.00', 'PENDING', 240, 14),
(1439, 4, '2037-06-27 00:00:00', NULL, '3600.00', 'PENDING', 240, 14),
(1440, 4, '2037-07-27 00:00:00', NULL, '3600.00', 'PENDING', 240, 14),
(1441, 4, '2037-08-27 00:00:00', NULL, '3600.00', 'PENDING', 240, 14),
(1442, 4, '2037-09-27 00:00:00', NULL, '3600.00', 'PENDING', 240, 14),
(1443, 4, '2037-10-27 00:00:00', NULL, '3600.00', 'PENDING', 240, 14),
(1444, 4, '2037-11-27 00:00:00', NULL, '3600.00', 'PENDING', 240, 14),
(1445, 4, '2037-12-27 00:00:00', NULL, '3600.00', 'PENDING', 240, 14),
(1446, 4, '2038-01-27 00:00:00', NULL, '3600.00', 'PENDING', 240, 14),
(1447, 4, '2038-02-27 00:00:00', NULL, '3600.00', 'PENDING', 240, 14),
(1448, 4, '2038-03-27 00:00:00', NULL, '3600.00', 'PENDING', 240, 14),
(1449, 4, '2038-04-27 00:00:00', NULL, '3600.00', 'PENDING', 240, 14),
(1450, 4, '2038-05-27 00:00:00', NULL, '3600.00', 'PENDING', 240, 14),
(1451, 4, '2038-06-27 00:00:00', NULL, '3600.00', 'PENDING', 240, 14),
(1452, 4, '2038-07-27 00:00:00', NULL, '3600.00', 'PENDING', 240, 14),
(1453, 4, '2038-08-27 00:00:00', NULL, '3600.00', 'PENDING', 240, 14),
(1454, 4, '2038-09-27 00:00:00', NULL, '3600.00', 'PENDING', 240, 14),
(1455, 4, '2038-10-27 00:00:00', NULL, '3600.00', 'PENDING', 240, 14),
(1456, 4, '2038-11-27 00:00:00', NULL, '3600.00', 'PENDING', 240, 14),
(1457, 4, '2038-12-27 00:00:00', NULL, '3600.00', 'PENDING', 240, 14),
(1458, 4, '2039-01-27 00:00:00', NULL, '3600.00', 'PENDING', 240, 14),
(1459, 4, '2039-02-27 00:00:00', NULL, '3600.00', 'PENDING', 240, 14),
(1460, 4, '2039-03-27 00:00:00', NULL, '3600.00', 'PENDING', 240, 14),
(1461, 4, '2039-04-27 00:00:00', NULL, '3600.00', 'PENDING', 240, 14),
(1462, 4, '2039-05-27 00:00:00', NULL, '3600.00', 'PENDING', 240, 14),
(1463, 4, '2039-06-27 00:00:00', NULL, '3600.00', 'PENDING', 240, 14),
(1464, 4, '2039-07-27 00:00:00', NULL, '3600.00', 'PENDING', 240, 14),
(1465, 4, '2039-08-27 00:00:00', NULL, '3600.00', 'PENDING', 240, 14),
(1466, 4, '2039-09-27 00:00:00', NULL, '3600.00', 'PENDING', 240, 14),
(1467, 4, '2039-10-27 00:00:00', NULL, '3600.00', 'PENDING', 240, 14),
(1468, 4, '2039-11-27 00:00:00', NULL, '3600.00', 'PENDING', 240, 14),
(1469, 4, '2039-12-27 00:00:00', NULL, '3600.00', 'PENDING', 240, 14),
(1470, 4, '2040-01-27 00:00:00', NULL, '3600.00', 'PENDING', 240, 14),
(1471, 4, '2040-02-27 00:00:00', NULL, '3600.00', 'PENDING', 240, 14),
(1472, 4, '2040-03-27 00:00:00', NULL, '3600.00', 'PENDING', 240, 14),
(1473, 4, '2040-04-27 00:00:00', NULL, '3600.00', 'PENDING', 240, 14),
(1474, 4, '2040-05-27 00:00:00', NULL, '3600.00', 'PENDING', 240, 14),
(1475, 4, '2040-06-27 00:00:00', NULL, '3600.00', 'PENDING', 240, 14),
(1476, 4, '2040-07-27 00:00:00', NULL, '3600.00', 'PENDING', 240, 14),
(1477, 4, '2040-08-27 00:00:00', NULL, '3600.00', 'PENDING', 240, 14);
INSERT INTO `user_payments` (`id`, `p_type_id`, `due_date`, `date_paid`, `amount`, `status`, `member_id`, `housing_detail_id`) VALUES
(1478, 4, '2040-09-27 00:00:00', NULL, '3600.00', 'PENDING', 240, 14),
(1479, 4, '2040-10-27 00:00:00', NULL, '3600.00', 'PENDING', 240, 14),
(1480, 4, '2040-11-27 00:00:00', NULL, '3600.00', 'PENDING', 240, 14),
(1481, 4, '2040-12-27 00:00:00', NULL, '3600.00', 'PENDING', 240, 14),
(1482, 4, '2041-01-27 00:00:00', NULL, '3600.00', 'PENDING', 240, 14),
(1483, 4, '2041-02-27 00:00:00', NULL, '3600.00', 'PENDING', 240, 14),
(1484, 4, '2041-03-27 00:00:00', NULL, '3600.00', 'PENDING', 240, 14),
(1485, 4, '2041-04-27 00:00:00', NULL, '3600.00', 'PENDING', 240, 14),
(1486, 4, '2041-05-27 00:00:00', NULL, '3600.00', 'PENDING', 240, 14),
(1487, 4, '2041-06-27 00:00:00', NULL, '3600.00', 'PENDING', 240, 14),
(1488, 4, '2041-07-27 00:00:00', NULL, '3600.00', 'PENDING', 240, 14),
(1489, 4, '2041-08-27 00:00:00', NULL, '3600.00', 'PENDING', 240, 14),
(1490, 4, '2041-09-27 00:00:00', NULL, '3600.00', 'PENDING', 240, 14),
(1491, 4, '2041-10-27 00:00:00', NULL, '3600.00', 'PENDING', 240, 14),
(1492, 4, '2041-11-27 00:00:00', NULL, '3600.00', 'PENDING', 240, 14),
(1493, 4, '2041-12-27 00:00:00', NULL, '3600.00', 'PENDING', 240, 14),
(1494, 4, '2042-01-27 00:00:00', NULL, '3600.00', 'PENDING', 240, 14),
(1495, 4, '2042-02-27 00:00:00', NULL, '3600.00', 'PENDING', 240, 14),
(1496, 4, '2042-03-27 00:00:00', NULL, '3600.00', 'PENDING', 240, 14),
(1497, 4, '2042-04-27 00:00:00', NULL, '3600.00', 'PENDING', 240, 14),
(1498, 4, '2042-05-27 00:00:00', NULL, '3600.00', 'PENDING', 240, 14),
(1499, 4, '2042-06-27 00:00:00', NULL, '3600.00', 'PENDING', 240, 14),
(1500, 4, '2042-07-27 00:00:00', NULL, '3600.00', 'PENDING', 240, 14),
(1501, 4, '2042-08-27 00:00:00', NULL, '3600.00', 'PENDING', 240, 14),
(1502, 4, '2042-09-27 00:00:00', NULL, '3600.00', 'PENDING', 240, 14),
(1503, 4, '2042-10-27 00:00:00', NULL, '3600.00', 'PENDING', 240, 14),
(1504, 4, '2042-11-27 00:00:00', NULL, '3600.00', 'PENDING', 240, 14),
(1505, 4, '2042-12-27 00:00:00', NULL, '3600.00', 'PENDING', 240, 14),
(1506, 4, '2043-01-27 00:00:00', NULL, '3600.00', 'PENDING', 240, 14),
(1507, 4, '2043-02-27 00:00:00', NULL, '3600.00', 'PENDING', 240, 14),
(1508, 4, '2043-03-27 00:00:00', NULL, '3600.00', 'PENDING', 240, 14),
(1509, 4, '2043-04-27 00:00:00', NULL, '3600.00', 'PENDING', 240, 14),
(1510, 4, '2043-05-27 00:00:00', NULL, '3600.00', 'PENDING', 240, 14),
(1511, 4, '2043-06-27 00:00:00', NULL, '3600.00', 'PENDING', 240, 14),
(1512, 4, '2043-07-27 00:00:00', NULL, '3600.00', 'PENDING', 240, 14),
(1513, 4, '2043-08-27 00:00:00', NULL, '3600.00', 'PENDING', 240, 14),
(1514, 4, '2043-09-27 00:00:00', NULL, '3600.00', 'PENDING', 240, 14),
(1515, 4, '2043-10-27 00:00:00', NULL, '3600.00', 'PENDING', 240, 14),
(1516, 4, '2043-11-27 00:00:00', NULL, '3600.00', 'PENDING', 240, 14),
(1517, 4, '2043-12-27 00:00:00', NULL, '3600.00', 'PENDING', 240, 14),
(1518, 4, '2044-01-27 00:00:00', NULL, '3600.00', 'PENDING', 240, 14),
(1519, 4, '2044-02-27 00:00:00', NULL, '3600.00', 'PENDING', 240, 14),
(1520, 4, '2044-03-27 00:00:00', NULL, '3600.00', 'PENDING', 240, 14),
(1521, 4, '2044-04-27 00:00:00', NULL, '3600.00', 'PENDING', 240, 14),
(1522, 4, '2044-05-27 00:00:00', NULL, '3600.00', 'PENDING', 240, 14),
(1523, 4, '2044-06-27 00:00:00', NULL, '3600.00', 'PENDING', 240, 14),
(1524, 4, '2044-07-27 00:00:00', NULL, '3600.00', 'PENDING', 240, 14),
(1525, 4, '2044-08-27 00:00:00', NULL, '3600.00', 'PENDING', 240, 14),
(1526, 4, '2044-09-27 00:00:00', NULL, '3600.00', 'PENDING', 240, 14),
(1527, 4, '2044-10-27 00:00:00', NULL, '3600.00', 'PENDING', 240, 14),
(1528, 4, '2044-11-27 00:00:00', NULL, '3600.00', 'PENDING', 240, 14),
(1529, 4, '2044-12-27 00:00:00', NULL, '3600.00', 'PENDING', 240, 14),
(1530, 4, '2045-01-27 00:00:00', NULL, '3600.00', 'PENDING', 240, 14),
(1531, 4, '2045-02-27 00:00:00', NULL, '3600.00', 'PENDING', 240, 14),
(1532, 4, '2045-03-27 00:00:00', NULL, '3600.00', 'PENDING', 240, 14),
(1533, 4, '2045-04-27 00:00:00', NULL, '3600.00', 'PENDING', 240, 14),
(1534, 4, '2045-05-27 00:00:00', NULL, '3600.00', 'PENDING', 240, 14),
(1535, 4, '2045-06-27 00:00:00', NULL, '3600.00', 'PENDING', 240, 14),
(1536, 4, '2045-07-27 00:00:00', NULL, '3600.00', 'PENDING', 240, 14),
(1537, 4, '2045-08-27 00:00:00', NULL, '3600.00', 'PENDING', 240, 14),
(1538, 4, '2045-09-27 00:00:00', NULL, '3600.00', 'PENDING', 240, 14),
(1539, 4, '2045-10-27 00:00:00', NULL, '3600.00', 'PENDING', 240, 14),
(1540, 4, '2045-11-27 00:00:00', NULL, '3600.00', 'PENDING', 240, 14),
(1541, 4, '2045-12-27 00:00:00', NULL, '3600.00', 'PENDING', 240, 14),
(1542, 4, '2046-01-27 00:00:00', NULL, '3600.00', 'PENDING', 240, 14),
(1543, 4, '2046-02-27 00:00:00', NULL, '3600.00', 'PENDING', 240, 14),
(1544, 4, '2046-03-27 00:00:00', NULL, '3600.00', 'PENDING', 240, 14),
(1545, 4, '2046-04-27 00:00:00', NULL, '3600.00', 'PENDING', 240, 14),
(1546, 4, '2046-05-27 00:00:00', NULL, '3600.00', 'PENDING', 240, 14),
(1547, 4, '2046-06-27 00:00:00', NULL, '3600.00', 'PENDING', 240, 14),
(1548, 4, '2046-07-27 00:00:00', NULL, '3600.00', 'PENDING', 240, 14),
(1549, 4, '2046-08-27 00:00:00', NULL, '3600.00', 'PENDING', 240, 14),
(1550, 4, '2046-09-27 00:00:00', NULL, '3600.00', 'PENDING', 240, 14),
(1551, 4, '2046-10-27 00:00:00', NULL, '3600.00', 'PENDING', 240, 14),
(1552, 4, '2046-11-27 00:00:00', NULL, '3600.00', 'PENDING', 240, 14),
(1553, 4, '2046-12-27 00:00:00', NULL, '3600.00', 'PENDING', 240, 14),
(1554, 4, '2047-01-27 00:00:00', NULL, '3600.00', 'PENDING', 240, 14),
(1555, 4, '2047-02-27 00:00:00', NULL, '3600.00', 'PENDING', 240, 14),
(1556, 4, '2047-03-27 00:00:00', NULL, '3600.00', 'PENDING', 240, 14),
(1557, 4, '2047-04-27 00:00:00', NULL, '3600.00', 'PENDING', 240, 14),
(1558, 4, '2047-05-27 00:00:00', NULL, '3600.00', 'PENDING', 240, 14),
(1559, 4, '2047-06-27 00:00:00', NULL, '3600.00', 'PENDING', 240, 14),
(1560, 4, '2047-07-27 00:00:00', NULL, '3600.00', 'PENDING', 240, 14),
(1561, 4, '2047-08-27 00:00:00', NULL, '3600.00', 'PENDING', 240, 14),
(1562, 4, '2047-09-27 00:00:00', NULL, '3600.00', 'PENDING', 240, 14),
(1563, 4, '2047-10-27 00:00:00', NULL, '3600.00', 'PENDING', 240, 14),
(1564, 4, '2047-11-27 00:00:00', NULL, '3600.00', 'PENDING', 240, 14),
(1565, 4, '2047-12-27 00:00:00', NULL, '3600.00', 'PENDING', 240, 14),
(1566, 4, '2048-01-27 00:00:00', NULL, '3600.00', 'PENDING', 240, 14),
(1567, 4, '2048-02-27 00:00:00', NULL, '3600.00', 'PENDING', 240, 14),
(1568, 4, '2048-03-27 00:00:00', NULL, '3600.00', 'PENDING', 240, 14),
(1569, 4, '2048-04-27 00:00:00', NULL, '3600.00', 'PENDING', 240, 14),
(1570, 4, '2048-05-27 00:00:00', NULL, '3600.00', 'PENDING', 240, 14),
(1571, 4, '2048-06-27 00:00:00', NULL, '3600.00', 'PENDING', 240, 14),
(1572, 4, '2048-07-27 00:00:00', NULL, '3600.00', 'PENDING', 240, 14),
(1573, 4, '2048-08-27 00:00:00', NULL, '3600.00', 'PENDING', 240, 14),
(1574, 4, '2048-09-27 00:00:00', NULL, '3600.00', 'PENDING', 240, 14),
(1575, 4, '2048-10-27 00:00:00', NULL, '3600.00', 'PENDING', 240, 14),
(1576, 4, '2048-11-27 00:00:00', NULL, '3600.00', 'PENDING', 240, 14),
(1577, 4, '2048-12-27 00:00:00', NULL, '3600.00', 'PENDING', 240, 14),
(1578, 4, '2049-01-27 00:00:00', NULL, '3600.00', 'PENDING', 240, 14),
(1579, 4, '2049-02-27 00:00:00', NULL, '3600.00', 'PENDING', 240, 14),
(1580, 4, '2049-03-27 00:00:00', NULL, '3600.00', 'PENDING', 240, 14),
(1581, 4, '2049-04-27 00:00:00', NULL, '3600.00', 'PENDING', 240, 14),
(1582, 4, '2049-05-27 00:00:00', NULL, '3600.00', 'PENDING', 240, 14),
(1583, 4, '2049-06-27 00:00:00', NULL, '3600.00', 'PENDING', 240, 14),
(1584, 4, '2049-07-27 00:00:00', NULL, '3600.00', 'PENDING', 240, 14),
(1585, 4, '2049-08-27 00:00:00', NULL, '3600.00', 'PENDING', 240, 14),
(1586, 4, '2049-09-27 00:00:00', NULL, '3600.00', 'PENDING', 240, 14),
(1587, 4, '2049-10-27 00:00:00', NULL, '3600.00', 'PENDING', 240, 14),
(1588, 4, '2049-11-27 00:00:00', NULL, '3600.00', 'PENDING', 240, 14),
(1589, 1, '2019-12-27 00:00:00', NULL, '12000.00', 'PENDING', 240, 15),
(1590, 3, '2019-12-27 00:00:00', NULL, '7200.00', 'PENDING', 240, 15),
(1591, 3, '2020-01-27 00:00:00', NULL, '7200.00', 'PENDING', 240, 15),
(1592, 3, '2020-02-27 00:00:00', NULL, '7200.00', 'PENDING', 240, 15),
(1593, 3, '2020-03-27 00:00:00', NULL, '7200.00', 'PENDING', 240, 15),
(1594, 3, '2020-04-27 00:00:00', NULL, '7200.00', 'PENDING', 240, 15),
(1595, 3, '2020-05-27 00:00:00', NULL, '7200.00', 'PENDING', 240, 15),
(1596, 3, '2020-06-27 00:00:00', NULL, '7200.00', 'PENDING', 240, 15),
(1597, 3, '2020-07-27 00:00:00', NULL, '7200.00', 'PENDING', 240, 15),
(1598, 3, '2020-08-27 00:00:00', NULL, '7200.00', 'PENDING', 240, 15),
(1599, 3, '2020-09-27 00:00:00', NULL, '7200.00', 'PENDING', 240, 15),
(1600, 3, '2020-10-27 00:00:00', NULL, '7200.00', 'PENDING', 240, 15),
(1601, 3, '2020-11-27 00:00:00', NULL, '7200.00', 'PENDING', 240, 15),
(1602, 3, '2020-12-27 00:00:00', NULL, '7200.00', 'PENDING', 240, 15),
(1603, 3, '2021-01-27 00:00:00', NULL, '7200.00', 'PENDING', 240, 15),
(1604, 3, '2021-02-27 00:00:00', NULL, '7200.00', 'PENDING', 240, 15),
(1605, 3, '2021-03-27 00:00:00', NULL, '7200.00', 'PENDING', 240, 15),
(1606, 3, '2021-04-27 00:00:00', NULL, '7200.00', 'PENDING', 240, 15),
(1607, 3, '2021-05-27 00:00:00', NULL, '7200.00', 'PENDING', 240, 15),
(1608, 3, '2021-06-27 00:00:00', NULL, '7200.00', 'PENDING', 240, 15),
(1609, 3, '2021-07-27 00:00:00', NULL, '7200.00', 'PENDING', 240, 15),
(1610, 3, '2021-08-27 00:00:00', NULL, '7200.00', 'PENDING', 240, 15),
(1611, 3, '2021-09-27 00:00:00', NULL, '7200.00', 'PENDING', 240, 15),
(1612, 3, '2021-10-27 00:00:00', NULL, '7200.00', 'PENDING', 240, 15),
(1613, 3, '2021-11-27 00:00:00', NULL, '7200.00', 'PENDING', 240, 15),
(1614, 3, '2021-12-27 00:00:00', NULL, '7200.00', 'PENDING', 240, 15),
(1615, 3, '2022-01-27 00:00:00', NULL, '7200.00', 'PENDING', 240, 15),
(1616, 3, '2022-02-27 00:00:00', NULL, '7200.00', 'PENDING', 240, 15),
(1617, 3, '2022-03-27 00:00:00', NULL, '7200.00', 'PENDING', 240, 15),
(1618, 3, '2022-04-27 00:00:00', NULL, '7200.00', 'PENDING', 240, 15),
(1619, 3, '2022-05-27 00:00:00', NULL, '7200.00', 'PENDING', 240, 15),
(1620, 3, '2022-06-27 00:00:00', NULL, '7200.00', 'PENDING', 240, 15),
(1621, 3, '2022-07-27 00:00:00', NULL, '7200.00', 'PENDING', 240, 15),
(1622, 3, '2022-08-27 00:00:00', NULL, '7200.00', 'PENDING', 240, 15),
(1623, 3, '2022-09-27 00:00:00', NULL, '7200.00', 'PENDING', 240, 15),
(1624, 3, '2022-10-27 00:00:00', NULL, '7200.00', 'PENDING', 240, 15),
(1625, 3, '2022-11-27 00:00:00', NULL, '7200.00', 'PENDING', 240, 15),
(1626, 4, '2019-12-27 00:00:00', NULL, '7200.00', 'PENDING', 240, 15),
(1627, 4, '2020-01-27 00:00:00', NULL, '7200.00', 'PENDING', 240, 15),
(1628, 4, '2020-02-27 00:00:00', NULL, '7200.00', 'PENDING', 240, 15),
(1629, 4, '2020-03-27 00:00:00', NULL, '7200.00', 'PENDING', 240, 15),
(1630, 4, '2020-04-27 00:00:00', NULL, '7200.00', 'PENDING', 240, 15),
(1631, 4, '2020-05-27 00:00:00', NULL, '7200.00', 'PENDING', 240, 15),
(1632, 4, '2020-06-27 00:00:00', NULL, '7200.00', 'PENDING', 240, 15),
(1633, 4, '2020-07-27 00:00:00', NULL, '7200.00', 'PENDING', 240, 15),
(1634, 4, '2020-08-27 00:00:00', NULL, '7200.00', 'PENDING', 240, 15),
(1635, 4, '2020-09-27 00:00:00', NULL, '7200.00', 'PENDING', 240, 15),
(1636, 4, '2020-10-27 00:00:00', NULL, '7200.00', 'PENDING', 240, 15),
(1637, 4, '2020-11-27 00:00:00', NULL, '7200.00', 'PENDING', 240, 15),
(1638, 4, '2020-12-27 00:00:00', NULL, '7200.00', 'PENDING', 240, 15),
(1639, 4, '2021-01-27 00:00:00', NULL, '7200.00', 'PENDING', 240, 15),
(1640, 4, '2021-02-27 00:00:00', NULL, '7200.00', 'PENDING', 240, 15),
(1641, 4, '2021-03-27 00:00:00', NULL, '7200.00', 'PENDING', 240, 15),
(1642, 4, '2021-04-27 00:00:00', NULL, '7200.00', 'PENDING', 240, 15),
(1643, 4, '2021-05-27 00:00:00', NULL, '7200.00', 'PENDING', 240, 15),
(1644, 4, '2021-06-27 00:00:00', NULL, '7200.00', 'PENDING', 240, 15),
(1645, 4, '2021-07-27 00:00:00', NULL, '7200.00', 'PENDING', 240, 15),
(1646, 4, '2021-08-27 00:00:00', NULL, '7200.00', 'PENDING', 240, 15),
(1647, 4, '2021-09-27 00:00:00', NULL, '7200.00', 'PENDING', 240, 15),
(1648, 4, '2021-10-27 00:00:00', NULL, '7200.00', 'PENDING', 240, 15),
(1649, 4, '2021-11-27 00:00:00', NULL, '7200.00', 'PENDING', 240, 15),
(1650, 4, '2021-12-27 00:00:00', NULL, '7200.00', 'PENDING', 240, 15),
(1651, 4, '2022-01-27 00:00:00', NULL, '7200.00', 'PENDING', 240, 15),
(1652, 4, '2022-02-27 00:00:00', NULL, '7200.00', 'PENDING', 240, 15),
(1653, 4, '2022-03-27 00:00:00', NULL, '7200.00', 'PENDING', 240, 15),
(1654, 4, '2022-04-27 00:00:00', NULL, '7200.00', 'PENDING', 240, 15),
(1655, 4, '2022-05-27 00:00:00', NULL, '7200.00', 'PENDING', 240, 15),
(1656, 4, '2022-06-27 00:00:00', NULL, '7200.00', 'PENDING', 240, 15),
(1657, 4, '2022-07-27 00:00:00', NULL, '7200.00', 'PENDING', 240, 15),
(1658, 4, '2022-08-27 00:00:00', NULL, '7200.00', 'PENDING', 240, 15),
(1659, 4, '2022-09-27 00:00:00', NULL, '7200.00', 'PENDING', 240, 15),
(1660, 4, '2022-10-27 00:00:00', NULL, '7200.00', 'PENDING', 240, 15),
(1661, 4, '2022-11-27 00:00:00', NULL, '7200.00', 'PENDING', 240, 15),
(1662, 4, '2022-12-27 00:00:00', NULL, '7200.00', 'PENDING', 240, 15),
(1663, 4, '2023-01-27 00:00:00', NULL, '7200.00', 'PENDING', 240, 15),
(1664, 4, '2023-02-27 00:00:00', NULL, '7200.00', 'PENDING', 240, 15),
(1665, 4, '2023-03-27 00:00:00', NULL, '7200.00', 'PENDING', 240, 15),
(1666, 4, '2023-04-27 00:00:00', NULL, '7200.00', 'PENDING', 240, 15),
(1667, 4, '2023-05-27 00:00:00', NULL, '7200.00', 'PENDING', 240, 15),
(1668, 4, '2023-06-27 00:00:00', NULL, '7200.00', 'PENDING', 240, 15),
(1669, 4, '2023-07-27 00:00:00', NULL, '7200.00', 'PENDING', 240, 15),
(1670, 4, '2023-08-27 00:00:00', NULL, '7200.00', 'PENDING', 240, 15),
(1671, 4, '2023-09-27 00:00:00', NULL, '7200.00', 'PENDING', 240, 15),
(1672, 4, '2023-10-27 00:00:00', NULL, '7200.00', 'PENDING', 240, 15),
(1673, 4, '2023-11-27 00:00:00', NULL, '7200.00', 'PENDING', 240, 15),
(1674, 4, '2023-12-27 00:00:00', NULL, '7200.00', 'PENDING', 240, 15),
(1675, 4, '2024-01-27 00:00:00', NULL, '7200.00', 'PENDING', 240, 15),
(1676, 4, '2024-02-27 00:00:00', NULL, '7200.00', 'PENDING', 240, 15),
(1677, 4, '2024-03-27 00:00:00', NULL, '7200.00', 'PENDING', 240, 15),
(1678, 4, '2024-04-27 00:00:00', NULL, '7200.00', 'PENDING', 240, 15),
(1679, 4, '2024-05-27 00:00:00', NULL, '7200.00', 'PENDING', 240, 15),
(1680, 4, '2024-06-27 00:00:00', NULL, '7200.00', 'PENDING', 240, 15),
(1681, 4, '2024-07-27 00:00:00', NULL, '7200.00', 'PENDING', 240, 15),
(1682, 4, '2024-08-27 00:00:00', NULL, '7200.00', 'PENDING', 240, 15),
(1683, 4, '2024-09-27 00:00:00', NULL, '7200.00', 'PENDING', 240, 15),
(1684, 4, '2024-10-27 00:00:00', NULL, '7200.00', 'PENDING', 240, 15),
(1685, 4, '2024-11-27 00:00:00', NULL, '7200.00', 'PENDING', 240, 15),
(1686, 4, '2024-12-27 00:00:00', NULL, '7200.00', 'PENDING', 240, 15),
(1687, 4, '2025-01-27 00:00:00', NULL, '7200.00', 'PENDING', 240, 15),
(1688, 4, '2025-02-27 00:00:00', NULL, '7200.00', 'PENDING', 240, 15),
(1689, 4, '2025-03-27 00:00:00', NULL, '7200.00', 'PENDING', 240, 15),
(1690, 4, '2025-04-27 00:00:00', NULL, '7200.00', 'PENDING', 240, 15),
(1691, 4, '2025-05-27 00:00:00', NULL, '7200.00', 'PENDING', 240, 15),
(1692, 4, '2025-06-27 00:00:00', NULL, '7200.00', 'PENDING', 240, 15),
(1693, 4, '2025-07-27 00:00:00', NULL, '7200.00', 'PENDING', 240, 15),
(1694, 4, '2025-08-27 00:00:00', NULL, '7200.00', 'PENDING', 240, 15),
(1695, 4, '2025-09-27 00:00:00', NULL, '7200.00', 'PENDING', 240, 15),
(1696, 4, '2025-10-27 00:00:00', NULL, '7200.00', 'PENDING', 240, 15),
(1697, 4, '2025-11-27 00:00:00', NULL, '7200.00', 'PENDING', 240, 15),
(1698, 4, '2025-12-27 00:00:00', NULL, '7200.00', 'PENDING', 240, 15),
(1699, 4, '2026-01-27 00:00:00', NULL, '7200.00', 'PENDING', 240, 15),
(1700, 4, '2026-02-27 00:00:00', NULL, '7200.00', 'PENDING', 240, 15),
(1701, 4, '2026-03-27 00:00:00', NULL, '7200.00', 'PENDING', 240, 15),
(1702, 4, '2026-04-27 00:00:00', NULL, '7200.00', 'PENDING', 240, 15),
(1703, 4, '2026-05-27 00:00:00', NULL, '7200.00', 'PENDING', 240, 15),
(1704, 4, '2026-06-27 00:00:00', NULL, '7200.00', 'PENDING', 240, 15),
(1705, 4, '2026-07-27 00:00:00', NULL, '7200.00', 'PENDING', 240, 15),
(1706, 4, '2026-08-27 00:00:00', NULL, '7200.00', 'PENDING', 240, 15),
(1707, 4, '2026-09-27 00:00:00', NULL, '7200.00', 'PENDING', 240, 15),
(1708, 4, '2026-10-27 00:00:00', NULL, '7200.00', 'PENDING', 240, 15),
(1709, 4, '2026-11-27 00:00:00', NULL, '7200.00', 'PENDING', 240, 15),
(1710, 4, '2026-12-27 00:00:00', NULL, '7200.00', 'PENDING', 240, 15),
(1711, 4, '2027-01-27 00:00:00', NULL, '7200.00', 'PENDING', 240, 15),
(1712, 4, '2027-02-27 00:00:00', NULL, '7200.00', 'PENDING', 240, 15),
(1713, 4, '2027-03-27 00:00:00', NULL, '7200.00', 'PENDING', 240, 15),
(1714, 4, '2027-04-27 00:00:00', NULL, '7200.00', 'PENDING', 240, 15),
(1715, 4, '2027-05-27 00:00:00', NULL, '7200.00', 'PENDING', 240, 15),
(1716, 4, '2027-06-27 00:00:00', NULL, '7200.00', 'PENDING', 240, 15),
(1717, 4, '2027-07-27 00:00:00', NULL, '7200.00', 'PENDING', 240, 15),
(1718, 4, '2027-08-27 00:00:00', NULL, '7200.00', 'PENDING', 240, 15),
(1719, 4, '2027-09-27 00:00:00', NULL, '7200.00', 'PENDING', 240, 15),
(1720, 4, '2027-10-27 00:00:00', NULL, '7200.00', 'PENDING', 240, 15),
(1721, 4, '2027-11-27 00:00:00', NULL, '7200.00', 'PENDING', 240, 15),
(1722, 4, '2027-12-27 00:00:00', NULL, '7200.00', 'PENDING', 240, 15),
(1723, 4, '2028-01-27 00:00:00', NULL, '7200.00', 'PENDING', 240, 15),
(1724, 4, '2028-02-27 00:00:00', NULL, '7200.00', 'PENDING', 240, 15),
(1725, 4, '2028-03-27 00:00:00', NULL, '7200.00', 'PENDING', 240, 15),
(1726, 4, '2028-04-27 00:00:00', NULL, '7200.00', 'PENDING', 240, 15),
(1727, 4, '2028-05-27 00:00:00', NULL, '7200.00', 'PENDING', 240, 15),
(1728, 4, '2028-06-27 00:00:00', NULL, '7200.00', 'PENDING', 240, 15),
(1729, 4, '2028-07-27 00:00:00', NULL, '7200.00', 'PENDING', 240, 15),
(1730, 4, '2028-08-27 00:00:00', NULL, '7200.00', 'PENDING', 240, 15),
(1731, 4, '2028-09-27 00:00:00', NULL, '7200.00', 'PENDING', 240, 15),
(1732, 4, '2028-10-27 00:00:00', NULL, '7200.00', 'PENDING', 240, 15),
(1733, 4, '2028-11-27 00:00:00', NULL, '7200.00', 'PENDING', 240, 15),
(1734, 4, '2028-12-27 00:00:00', NULL, '7200.00', 'PENDING', 240, 15),
(1735, 4, '2029-01-27 00:00:00', NULL, '7200.00', 'PENDING', 240, 15),
(1736, 4, '2029-02-27 00:00:00', NULL, '7200.00', 'PENDING', 240, 15),
(1737, 4, '2029-03-27 00:00:00', NULL, '7200.00', 'PENDING', 240, 15),
(1738, 4, '2029-04-27 00:00:00', NULL, '7200.00', 'PENDING', 240, 15),
(1739, 4, '2029-05-27 00:00:00', NULL, '7200.00', 'PENDING', 240, 15),
(1740, 4, '2029-06-27 00:00:00', NULL, '7200.00', 'PENDING', 240, 15),
(1741, 4, '2029-07-27 00:00:00', NULL, '7200.00', 'PENDING', 240, 15),
(1742, 4, '2029-08-27 00:00:00', NULL, '7200.00', 'PENDING', 240, 15),
(1743, 4, '2029-09-27 00:00:00', NULL, '7200.00', 'PENDING', 240, 15),
(1744, 4, '2029-10-27 00:00:00', NULL, '7200.00', 'PENDING', 240, 15),
(1745, 4, '2029-11-27 00:00:00', NULL, '7200.00', 'PENDING', 240, 15),
(1746, 4, '2029-12-27 00:00:00', NULL, '7200.00', 'PENDING', 240, 15),
(1747, 4, '2030-01-27 00:00:00', NULL, '7200.00', 'PENDING', 240, 15),
(1748, 4, '2030-02-27 00:00:00', NULL, '7200.00', 'PENDING', 240, 15),
(1749, 4, '2030-03-27 00:00:00', NULL, '7200.00', 'PENDING', 240, 15),
(1750, 4, '2030-04-27 00:00:00', NULL, '7200.00', 'PENDING', 240, 15),
(1751, 4, '2030-05-27 00:00:00', NULL, '7200.00', 'PENDING', 240, 15),
(1752, 4, '2030-06-27 00:00:00', NULL, '7200.00', 'PENDING', 240, 15),
(1753, 4, '2030-07-27 00:00:00', NULL, '7200.00', 'PENDING', 240, 15),
(1754, 4, '2030-08-27 00:00:00', NULL, '7200.00', 'PENDING', 240, 15),
(1755, 4, '2030-09-27 00:00:00', NULL, '7200.00', 'PENDING', 240, 15),
(1756, 4, '2030-10-27 00:00:00', NULL, '7200.00', 'PENDING', 240, 15),
(1757, 4, '2030-11-27 00:00:00', NULL, '7200.00', 'PENDING', 240, 15),
(1758, 4, '2030-12-27 00:00:00', NULL, '7200.00', 'PENDING', 240, 15),
(1759, 4, '2031-01-27 00:00:00', NULL, '7200.00', 'PENDING', 240, 15),
(1760, 4, '2031-02-27 00:00:00', NULL, '7200.00', 'PENDING', 240, 15),
(1761, 4, '2031-03-27 00:00:00', NULL, '7200.00', 'PENDING', 240, 15),
(1762, 4, '2031-04-27 00:00:00', NULL, '7200.00', 'PENDING', 240, 15),
(1763, 4, '2031-05-27 00:00:00', NULL, '7200.00', 'PENDING', 240, 15),
(1764, 4, '2031-06-27 00:00:00', NULL, '7200.00', 'PENDING', 240, 15),
(1765, 4, '2031-07-27 00:00:00', NULL, '7200.00', 'PENDING', 240, 15),
(1766, 4, '2031-08-27 00:00:00', NULL, '7200.00', 'PENDING', 240, 15),
(1767, 4, '2031-09-27 00:00:00', NULL, '7200.00', 'PENDING', 240, 15),
(1768, 4, '2031-10-27 00:00:00', NULL, '7200.00', 'PENDING', 240, 15),
(1769, 4, '2031-11-27 00:00:00', NULL, '7200.00', 'PENDING', 240, 15),
(1770, 4, '2031-12-27 00:00:00', NULL, '7200.00', 'PENDING', 240, 15),
(1771, 4, '2032-01-27 00:00:00', NULL, '7200.00', 'PENDING', 240, 15),
(1772, 4, '2032-02-27 00:00:00', NULL, '7200.00', 'PENDING', 240, 15),
(1773, 4, '2032-03-27 00:00:00', NULL, '7200.00', 'PENDING', 240, 15),
(1774, 4, '2032-04-27 00:00:00', NULL, '7200.00', 'PENDING', 240, 15),
(1775, 4, '2032-05-27 00:00:00', NULL, '7200.00', 'PENDING', 240, 15),
(1776, 4, '2032-06-27 00:00:00', NULL, '7200.00', 'PENDING', 240, 15),
(1777, 4, '2032-07-27 00:00:00', NULL, '7200.00', 'PENDING', 240, 15),
(1778, 4, '2032-08-27 00:00:00', NULL, '7200.00', 'PENDING', 240, 15),
(1779, 4, '2032-09-27 00:00:00', NULL, '7200.00', 'PENDING', 240, 15),
(1780, 4, '2032-10-27 00:00:00', NULL, '7200.00', 'PENDING', 240, 15),
(1781, 4, '2032-11-27 00:00:00', NULL, '7200.00', 'PENDING', 240, 15),
(1782, 4, '2032-12-27 00:00:00', NULL, '7200.00', 'PENDING', 240, 15),
(1783, 4, '2033-01-27 00:00:00', NULL, '7200.00', 'PENDING', 240, 15),
(1784, 4, '2033-02-27 00:00:00', NULL, '7200.00', 'PENDING', 240, 15),
(1785, 4, '2033-03-27 00:00:00', NULL, '7200.00', 'PENDING', 240, 15),
(1786, 4, '2033-04-27 00:00:00', NULL, '7200.00', 'PENDING', 240, 15),
(1787, 4, '2033-05-27 00:00:00', NULL, '7200.00', 'PENDING', 240, 15),
(1788, 4, '2033-06-27 00:00:00', NULL, '7200.00', 'PENDING', 240, 15),
(1789, 4, '2033-07-27 00:00:00', NULL, '7200.00', 'PENDING', 240, 15),
(1790, 4, '2033-08-27 00:00:00', NULL, '7200.00', 'PENDING', 240, 15),
(1791, 4, '2033-09-27 00:00:00', NULL, '7200.00', 'PENDING', 240, 15),
(1792, 4, '2033-10-27 00:00:00', NULL, '7200.00', 'PENDING', 240, 15),
(1793, 4, '2033-11-27 00:00:00', NULL, '7200.00', 'PENDING', 240, 15),
(1794, 4, '2033-12-27 00:00:00', NULL, '7200.00', 'PENDING', 240, 15),
(1795, 4, '2034-01-27 00:00:00', NULL, '7200.00', 'PENDING', 240, 15),
(1796, 4, '2034-02-27 00:00:00', NULL, '7200.00', 'PENDING', 240, 15),
(1797, 4, '2034-03-27 00:00:00', NULL, '7200.00', 'PENDING', 240, 15),
(1798, 4, '2034-04-27 00:00:00', NULL, '7200.00', 'PENDING', 240, 15),
(1799, 4, '2034-05-27 00:00:00', NULL, '7200.00', 'PENDING', 240, 15),
(1800, 4, '2034-06-27 00:00:00', NULL, '7200.00', 'PENDING', 240, 15),
(1801, 4, '2034-07-27 00:00:00', NULL, '7200.00', 'PENDING', 240, 15),
(1802, 4, '2034-08-27 00:00:00', NULL, '7200.00', 'PENDING', 240, 15),
(1803, 4, '2034-09-27 00:00:00', NULL, '7200.00', 'PENDING', 240, 15),
(1804, 4, '2034-10-27 00:00:00', NULL, '7200.00', 'PENDING', 240, 15),
(1805, 4, '2034-11-27 00:00:00', NULL, '7200.00', 'PENDING', 240, 15),
(1806, 4, '2034-12-27 00:00:00', NULL, '7200.00', 'PENDING', 240, 15),
(1807, 4, '2035-01-27 00:00:00', NULL, '7200.00', 'PENDING', 240, 15),
(1808, 4, '2035-02-27 00:00:00', NULL, '7200.00', 'PENDING', 240, 15),
(1809, 4, '2035-03-27 00:00:00', NULL, '7200.00', 'PENDING', 240, 15),
(1810, 4, '2035-04-27 00:00:00', NULL, '7200.00', 'PENDING', 240, 15),
(1811, 4, '2035-05-27 00:00:00', NULL, '7200.00', 'PENDING', 240, 15),
(1812, 4, '2035-06-27 00:00:00', NULL, '7200.00', 'PENDING', 240, 15),
(1813, 4, '2035-07-27 00:00:00', NULL, '7200.00', 'PENDING', 240, 15),
(1814, 4, '2035-08-27 00:00:00', NULL, '7200.00', 'PENDING', 240, 15),
(1815, 4, '2035-09-27 00:00:00', NULL, '7200.00', 'PENDING', 240, 15),
(1816, 4, '2035-10-27 00:00:00', NULL, '7200.00', 'PENDING', 240, 15),
(1817, 4, '2035-11-27 00:00:00', NULL, '7200.00', 'PENDING', 240, 15),
(1818, 4, '2035-12-27 00:00:00', NULL, '7200.00', 'PENDING', 240, 15),
(1819, 4, '2036-01-27 00:00:00', NULL, '7200.00', 'PENDING', 240, 15),
(1820, 4, '2036-02-27 00:00:00', NULL, '7200.00', 'PENDING', 240, 15),
(1821, 4, '2036-03-27 00:00:00', NULL, '7200.00', 'PENDING', 240, 15),
(1822, 4, '2036-04-27 00:00:00', NULL, '7200.00', 'PENDING', 240, 15),
(1823, 4, '2036-05-27 00:00:00', NULL, '7200.00', 'PENDING', 240, 15),
(1824, 4, '2036-06-27 00:00:00', NULL, '7200.00', 'PENDING', 240, 15),
(1825, 4, '2036-07-27 00:00:00', NULL, '7200.00', 'PENDING', 240, 15),
(1826, 4, '2036-08-27 00:00:00', NULL, '7200.00', 'PENDING', 240, 15),
(1827, 4, '2036-09-27 00:00:00', NULL, '7200.00', 'PENDING', 240, 15),
(1828, 4, '2036-10-27 00:00:00', NULL, '7200.00', 'PENDING', 240, 15),
(1829, 4, '2036-11-27 00:00:00', NULL, '7200.00', 'PENDING', 240, 15),
(1830, 4, '2036-12-27 00:00:00', NULL, '7200.00', 'PENDING', 240, 15),
(1831, 4, '2037-01-27 00:00:00', NULL, '7200.00', 'PENDING', 240, 15),
(1832, 4, '2037-02-27 00:00:00', NULL, '7200.00', 'PENDING', 240, 15),
(1833, 4, '2037-03-27 00:00:00', NULL, '7200.00', 'PENDING', 240, 15),
(1834, 4, '2037-04-27 00:00:00', NULL, '7200.00', 'PENDING', 240, 15),
(1835, 4, '2037-05-27 00:00:00', NULL, '7200.00', 'PENDING', 240, 15),
(1836, 4, '2037-06-27 00:00:00', NULL, '7200.00', 'PENDING', 240, 15),
(1837, 4, '2037-07-27 00:00:00', NULL, '7200.00', 'PENDING', 240, 15),
(1838, 4, '2037-08-27 00:00:00', NULL, '7200.00', 'PENDING', 240, 15),
(1839, 4, '2037-09-27 00:00:00', NULL, '7200.00', 'PENDING', 240, 15),
(1840, 4, '2037-10-27 00:00:00', NULL, '7200.00', 'PENDING', 240, 15),
(1841, 4, '2037-11-27 00:00:00', NULL, '7200.00', 'PENDING', 240, 15),
(1842, 4, '2037-12-27 00:00:00', NULL, '7200.00', 'PENDING', 240, 15),
(1843, 4, '2038-01-27 00:00:00', NULL, '7200.00', 'PENDING', 240, 15),
(1844, 4, '2038-02-27 00:00:00', NULL, '7200.00', 'PENDING', 240, 15),
(1845, 4, '2038-03-27 00:00:00', NULL, '7200.00', 'PENDING', 240, 15),
(1846, 4, '2038-04-27 00:00:00', NULL, '7200.00', 'PENDING', 240, 15),
(1847, 4, '2038-05-27 00:00:00', NULL, '7200.00', 'PENDING', 240, 15),
(1848, 4, '2038-06-27 00:00:00', NULL, '7200.00', 'PENDING', 240, 15),
(1849, 4, '2038-07-27 00:00:00', NULL, '7200.00', 'PENDING', 240, 15),
(1850, 4, '2038-08-27 00:00:00', NULL, '7200.00', 'PENDING', 240, 15),
(1851, 4, '2038-09-27 00:00:00', NULL, '7200.00', 'PENDING', 240, 15),
(1852, 4, '2038-10-27 00:00:00', NULL, '7200.00', 'PENDING', 240, 15),
(1853, 4, '2038-11-27 00:00:00', NULL, '7200.00', 'PENDING', 240, 15),
(1854, 4, '2038-12-27 00:00:00', NULL, '7200.00', 'PENDING', 240, 15),
(1855, 4, '2039-01-27 00:00:00', NULL, '7200.00', 'PENDING', 240, 15),
(1856, 4, '2039-02-27 00:00:00', NULL, '7200.00', 'PENDING', 240, 15),
(1857, 4, '2039-03-27 00:00:00', NULL, '7200.00', 'PENDING', 240, 15),
(1858, 4, '2039-04-27 00:00:00', NULL, '7200.00', 'PENDING', 240, 15),
(1859, 4, '2039-05-27 00:00:00', NULL, '7200.00', 'PENDING', 240, 15),
(1860, 4, '2039-06-27 00:00:00', NULL, '7200.00', 'PENDING', 240, 15),
(1861, 4, '2039-07-27 00:00:00', NULL, '7200.00', 'PENDING', 240, 15),
(1862, 4, '2039-08-27 00:00:00', NULL, '7200.00', 'PENDING', 240, 15),
(1863, 4, '2039-09-27 00:00:00', NULL, '7200.00', 'PENDING', 240, 15),
(1864, 4, '2039-10-27 00:00:00', NULL, '7200.00', 'PENDING', 240, 15),
(1865, 4, '2039-11-27 00:00:00', NULL, '7200.00', 'PENDING', 240, 15),
(1866, 4, '2039-12-27 00:00:00', NULL, '7200.00', 'PENDING', 240, 15),
(1867, 4, '2040-01-27 00:00:00', NULL, '7200.00', 'PENDING', 240, 15),
(1868, 4, '2040-02-27 00:00:00', NULL, '7200.00', 'PENDING', 240, 15),
(1869, 4, '2040-03-27 00:00:00', NULL, '7200.00', 'PENDING', 240, 15),
(1870, 4, '2040-04-27 00:00:00', NULL, '7200.00', 'PENDING', 240, 15),
(1871, 4, '2040-05-27 00:00:00', NULL, '7200.00', 'PENDING', 240, 15),
(1872, 4, '2040-06-27 00:00:00', NULL, '7200.00', 'PENDING', 240, 15),
(1873, 4, '2040-07-27 00:00:00', NULL, '7200.00', 'PENDING', 240, 15),
(1874, 4, '2040-08-27 00:00:00', NULL, '7200.00', 'PENDING', 240, 15),
(1875, 4, '2040-09-27 00:00:00', NULL, '7200.00', 'PENDING', 240, 15),
(1876, 4, '2040-10-27 00:00:00', NULL, '7200.00', 'PENDING', 240, 15),
(1877, 4, '2040-11-27 00:00:00', NULL, '7200.00', 'PENDING', 240, 15),
(1878, 4, '2040-12-27 00:00:00', NULL, '7200.00', 'PENDING', 240, 15),
(1879, 4, '2041-01-27 00:00:00', NULL, '7200.00', 'PENDING', 240, 15),
(1880, 4, '2041-02-27 00:00:00', NULL, '7200.00', 'PENDING', 240, 15),
(1881, 4, '2041-03-27 00:00:00', NULL, '7200.00', 'PENDING', 240, 15),
(1882, 4, '2041-04-27 00:00:00', NULL, '7200.00', 'PENDING', 240, 15),
(1883, 4, '2041-05-27 00:00:00', NULL, '7200.00', 'PENDING', 240, 15),
(1884, 4, '2041-06-27 00:00:00', NULL, '7200.00', 'PENDING', 240, 15),
(1885, 4, '2041-07-27 00:00:00', NULL, '7200.00', 'PENDING', 240, 15),
(1886, 4, '2041-08-27 00:00:00', NULL, '7200.00', 'PENDING', 240, 15),
(1887, 4, '2041-09-27 00:00:00', NULL, '7200.00', 'PENDING', 240, 15),
(1888, 4, '2041-10-27 00:00:00', NULL, '7200.00', 'PENDING', 240, 15),
(1889, 4, '2041-11-27 00:00:00', NULL, '7200.00', 'PENDING', 240, 15),
(1890, 4, '2041-12-27 00:00:00', NULL, '7200.00', 'PENDING', 240, 15),
(1891, 4, '2042-01-27 00:00:00', NULL, '7200.00', 'PENDING', 240, 15),
(1892, 4, '2042-02-27 00:00:00', NULL, '7200.00', 'PENDING', 240, 15),
(1893, 4, '2042-03-27 00:00:00', NULL, '7200.00', 'PENDING', 240, 15),
(1894, 4, '2042-04-27 00:00:00', NULL, '7200.00', 'PENDING', 240, 15),
(1895, 4, '2042-05-27 00:00:00', NULL, '7200.00', 'PENDING', 240, 15),
(1896, 4, '2042-06-27 00:00:00', NULL, '7200.00', 'PENDING', 240, 15),
(1897, 4, '2042-07-27 00:00:00', NULL, '7200.00', 'PENDING', 240, 15),
(1898, 4, '2042-08-27 00:00:00', NULL, '7200.00', 'PENDING', 240, 15),
(1899, 4, '2042-09-27 00:00:00', NULL, '7200.00', 'PENDING', 240, 15),
(1900, 4, '2042-10-27 00:00:00', NULL, '7200.00', 'PENDING', 240, 15),
(1901, 4, '2042-11-27 00:00:00', NULL, '7200.00', 'PENDING', 240, 15),
(1902, 4, '2042-12-27 00:00:00', NULL, '7200.00', 'PENDING', 240, 15),
(1903, 4, '2043-01-27 00:00:00', NULL, '7200.00', 'PENDING', 240, 15),
(1904, 4, '2043-02-27 00:00:00', NULL, '7200.00', 'PENDING', 240, 15),
(1905, 4, '2043-03-27 00:00:00', NULL, '7200.00', 'PENDING', 240, 15),
(1906, 4, '2043-04-27 00:00:00', NULL, '7200.00', 'PENDING', 240, 15),
(1907, 4, '2043-05-27 00:00:00', NULL, '7200.00', 'PENDING', 240, 15),
(1908, 4, '2043-06-27 00:00:00', NULL, '7200.00', 'PENDING', 240, 15),
(1909, 4, '2043-07-27 00:00:00', NULL, '7200.00', 'PENDING', 240, 15),
(1910, 4, '2043-08-27 00:00:00', NULL, '7200.00', 'PENDING', 240, 15),
(1911, 4, '2043-09-27 00:00:00', NULL, '7200.00', 'PENDING', 240, 15),
(1912, 4, '2043-10-27 00:00:00', NULL, '7200.00', 'PENDING', 240, 15),
(1913, 4, '2043-11-27 00:00:00', NULL, '7200.00', 'PENDING', 240, 15),
(1914, 4, '2043-12-27 00:00:00', NULL, '7200.00', 'PENDING', 240, 15),
(1915, 4, '2044-01-27 00:00:00', NULL, '7200.00', 'PENDING', 240, 15),
(1916, 4, '2044-02-27 00:00:00', NULL, '7200.00', 'PENDING', 240, 15),
(1917, 4, '2044-03-27 00:00:00', NULL, '7200.00', 'PENDING', 240, 15),
(1918, 4, '2044-04-27 00:00:00', NULL, '7200.00', 'PENDING', 240, 15),
(1919, 4, '2044-05-27 00:00:00', NULL, '7200.00', 'PENDING', 240, 15),
(1920, 4, '2044-06-27 00:00:00', NULL, '7200.00', 'PENDING', 240, 15),
(1921, 4, '2044-07-27 00:00:00', NULL, '7200.00', 'PENDING', 240, 15),
(1922, 4, '2044-08-27 00:00:00', NULL, '7200.00', 'PENDING', 240, 15),
(1923, 4, '2044-09-27 00:00:00', NULL, '7200.00', 'PENDING', 240, 15),
(1924, 4, '2044-10-27 00:00:00', NULL, '7200.00', 'PENDING', 240, 15),
(1925, 4, '2044-11-27 00:00:00', NULL, '7200.00', 'PENDING', 240, 15),
(1926, 4, '2044-12-27 00:00:00', NULL, '7200.00', 'PENDING', 240, 15),
(1927, 4, '2045-01-27 00:00:00', NULL, '7200.00', 'PENDING', 240, 15),
(1928, 4, '2045-02-27 00:00:00', NULL, '7200.00', 'PENDING', 240, 15),
(1929, 4, '2045-03-27 00:00:00', NULL, '7200.00', 'PENDING', 240, 15),
(1930, 4, '2045-04-27 00:00:00', NULL, '7200.00', 'PENDING', 240, 15),
(1931, 4, '2045-05-27 00:00:00', NULL, '7200.00', 'PENDING', 240, 15),
(1932, 4, '2045-06-27 00:00:00', NULL, '7200.00', 'PENDING', 240, 15),
(1933, 4, '2045-07-27 00:00:00', NULL, '7200.00', 'PENDING', 240, 15),
(1934, 4, '2045-08-27 00:00:00', NULL, '7200.00', 'PENDING', 240, 15),
(1935, 4, '2045-09-27 00:00:00', NULL, '7200.00', 'PENDING', 240, 15),
(1936, 4, '2045-10-27 00:00:00', NULL, '7200.00', 'PENDING', 240, 15),
(1937, 4, '2045-11-27 00:00:00', NULL, '7200.00', 'PENDING', 240, 15),
(1938, 4, '2045-12-27 00:00:00', NULL, '7200.00', 'PENDING', 240, 15),
(1939, 4, '2046-01-27 00:00:00', NULL, '7200.00', 'PENDING', 240, 15),
(1940, 4, '2046-02-27 00:00:00', NULL, '7200.00', 'PENDING', 240, 15),
(1941, 4, '2046-03-27 00:00:00', NULL, '7200.00', 'PENDING', 240, 15),
(1942, 4, '2046-04-27 00:00:00', NULL, '7200.00', 'PENDING', 240, 15),
(1943, 4, '2046-05-27 00:00:00', NULL, '7200.00', 'PENDING', 240, 15),
(1944, 4, '2046-06-27 00:00:00', NULL, '7200.00', 'PENDING', 240, 15),
(1945, 4, '2046-07-27 00:00:00', NULL, '7200.00', 'PENDING', 240, 15),
(1946, 4, '2046-08-27 00:00:00', NULL, '7200.00', 'PENDING', 240, 15),
(1947, 4, '2046-09-27 00:00:00', NULL, '7200.00', 'PENDING', 240, 15),
(1948, 4, '2046-10-27 00:00:00', NULL, '7200.00', 'PENDING', 240, 15),
(1949, 4, '2046-11-27 00:00:00', NULL, '7200.00', 'PENDING', 240, 15),
(1950, 4, '2046-12-27 00:00:00', NULL, '7200.00', 'PENDING', 240, 15),
(1951, 4, '2047-01-27 00:00:00', NULL, '7200.00', 'PENDING', 240, 15),
(1952, 4, '2047-02-27 00:00:00', NULL, '7200.00', 'PENDING', 240, 15),
(1953, 4, '2047-03-27 00:00:00', NULL, '7200.00', 'PENDING', 240, 15),
(1954, 4, '2047-04-27 00:00:00', NULL, '7200.00', 'PENDING', 240, 15),
(1955, 4, '2047-05-27 00:00:00', NULL, '7200.00', 'PENDING', 240, 15),
(1956, 4, '2047-06-27 00:00:00', NULL, '7200.00', 'PENDING', 240, 15),
(1957, 4, '2047-07-27 00:00:00', NULL, '7200.00', 'PENDING', 240, 15),
(1958, 4, '2047-08-27 00:00:00', NULL, '7200.00', 'PENDING', 240, 15),
(1959, 4, '2047-09-27 00:00:00', NULL, '7200.00', 'PENDING', 240, 15),
(1960, 4, '2047-10-27 00:00:00', NULL, '7200.00', 'PENDING', 240, 15),
(1961, 4, '2047-11-27 00:00:00', NULL, '7200.00', 'PENDING', 240, 15),
(1962, 4, '2047-12-27 00:00:00', NULL, '7200.00', 'PENDING', 240, 15),
(1963, 4, '2048-01-27 00:00:00', NULL, '7200.00', 'PENDING', 240, 15),
(1964, 4, '2048-02-27 00:00:00', NULL, '7200.00', 'PENDING', 240, 15),
(1965, 4, '2048-03-27 00:00:00', NULL, '7200.00', 'PENDING', 240, 15),
(1966, 4, '2048-04-27 00:00:00', NULL, '7200.00', 'PENDING', 240, 15),
(1967, 4, '2048-05-27 00:00:00', NULL, '7200.00', 'PENDING', 240, 15),
(1968, 4, '2048-06-27 00:00:00', NULL, '7200.00', 'PENDING', 240, 15),
(1969, 4, '2048-07-27 00:00:00', NULL, '7200.00', 'PENDING', 240, 15),
(1970, 4, '2048-08-27 00:00:00', NULL, '7200.00', 'PENDING', 240, 15),
(1971, 4, '2048-09-27 00:00:00', NULL, '7200.00', 'PENDING', 240, 15),
(1972, 4, '2048-10-27 00:00:00', NULL, '7200.00', 'PENDING', 240, 15),
(1973, 4, '2048-11-27 00:00:00', NULL, '7200.00', 'PENDING', 240, 15),
(1974, 4, '2048-12-27 00:00:00', NULL, '7200.00', 'PENDING', 240, 15),
(1975, 4, '2049-01-27 00:00:00', NULL, '7200.00', 'PENDING', 240, 15),
(1976, 4, '2049-02-27 00:00:00', NULL, '7200.00', 'PENDING', 240, 15),
(1977, 4, '2049-03-27 00:00:00', NULL, '7200.00', 'PENDING', 240, 15),
(1978, 4, '2049-04-27 00:00:00', NULL, '7200.00', 'PENDING', 240, 15),
(1979, 4, '2049-05-27 00:00:00', NULL, '7200.00', 'PENDING', 240, 15),
(1980, 4, '2049-06-27 00:00:00', NULL, '7200.00', 'PENDING', 240, 15),
(1981, 4, '2049-07-27 00:00:00', NULL, '7200.00', 'PENDING', 240, 15),
(1982, 4, '2049-08-27 00:00:00', NULL, '7200.00', 'PENDING', 240, 15),
(1983, 4, '2049-09-27 00:00:00', NULL, '7200.00', 'PENDING', 240, 15),
(1984, 4, '2049-10-27 00:00:00', NULL, '7200.00', 'PENDING', 240, 15),
(1985, 4, '2049-11-27 00:00:00', NULL, '7200.00', 'PENDING', 240, 15);

-- --------------------------------------------------------

--
-- Table structure for table `wallet_logs`
--

CREATE TABLE `wallet_logs` (
  `id` bigint(20) UNSIGNED NOT NULL,
  `event` varchar(250) DEFAULT NULL,
  `member_id` int(11) DEFAULT NULL,
  `date` datetime DEFAULT NULL
) ENGINE=InnoDB DEFAULT CHARSET=latin1;

-- --------------------------------------------------------

--
-- Table structure for table `withdrawal`
--

CREATE TABLE `withdrawal` (
  `id` bigint(20) UNSIGNED NOT NULL,
  `amount` decimal(13,2) DEFAULT NULL,
  `status` text DEFAULT NULL,
  `date` datetime DEFAULT NULL,
  `member_id` int(11) DEFAULT NULL
) ENGINE=InnoDB DEFAULT CHARSET=latin1;

--
-- Dumping data for table `withdrawal`
--

INSERT INTO `withdrawal` (`id`, `amount`, `status`, `date`, `member_id`) VALUES
(1, '1000.00', 'PENDING', '2019-11-18 14:23:51', 240),
(2, '0.00', 'PENDING', '2019-11-18 14:55:24', 240),
(3, '0.00', 'PENDING', '2019-11-18 14:56:20', 240),
(4, '3000.00', 'PENDING', '2019-11-18 16:58:20', 240),
(5, '2500.00', 'PENDING', '2019-11-25 15:58:05', 240),
(6, '2000.00', 'PENDING', '2019-11-26 11:53:19', 240);

--
-- Indexes for dumped tables
--

--
-- Indexes for table `commission_wallet`
--
ALTER TABLE `commission_wallet`
  ADD PRIMARY KEY (`id`);

--
-- Indexes for table `house`
--
ALTER TABLE `house`
  ADD PRIMARY KEY (`id`);

--
-- Indexes for table `house_img`
--
ALTER TABLE `house_img`
  ADD PRIMARY KEY (`id`);

--
-- Indexes for table `house_model`
--
ALTER TABLE `house_model`
  ADD PRIMARY KEY (`house_model_id`);

--
-- Indexes for table `housing_detail`
--
ALTER TABLE `housing_detail`
  ADD PRIMARY KEY (`id`);

--
-- Indexes for table `h_points`
--
ALTER TABLE `h_points`
  ADD PRIMARY KEY (`id`);

--
-- Indexes for table `h_points_transfer_log`
--
ALTER TABLE `h_points_transfer_log`
  ADD PRIMARY KEY (`id`);

--
-- Indexes for table `member`
--
ALTER TABLE `member`
  ADD PRIMARY KEY (`member_id`),
  ADD UNIQUE KEY `member_id` (`member_id`),
  ADD UNIQUE KEY `referral_code` (`referral_code`),
  ADD UNIQUE KEY `member_username` (`member_username`),
  ADD UNIQUE KEY `member_email` (`member_email`);

--
-- Indexes for table `payment`
--
ALTER TABLE `payment`
  ADD PRIMARY KEY (`id`);

--
-- Indexes for table `payment_scheme`
--
ALTER TABLE `payment_scheme`
  ADD PRIMARY KEY (`id`);

--
-- Indexes for table `rate`
--
ALTER TABLE `rate`
  ADD PRIMARY KEY (`id`);

--
-- Indexes for table `referral`
--
ALTER TABLE `referral`
  ADD PRIMARY KEY (`referral_id`),
  ADD UNIQUE KEY `referral_id` (`referral_id`);

--
-- Indexes for table `subdivision`
--
ALTER TABLE `subdivision`
  ADD PRIMARY KEY (`id`);

--
-- Indexes for table `system_logs`
--
ALTER TABLE `system_logs`
  ADD PRIMARY KEY (`id`);

--
-- Indexes for table `terms`
--
ALTER TABLE `terms`
  ADD PRIMARY KEY (`id`);

--
-- Indexes for table `user_payments`
--
ALTER TABLE `user_payments`
  ADD PRIMARY KEY (`id`);

--
-- Indexes for table `wallet_logs`
--
ALTER TABLE `wallet_logs`
  ADD PRIMARY KEY (`id`);

--
-- Indexes for table `withdrawal`
--
ALTER TABLE `withdrawal`
  ADD PRIMARY KEY (`id`);

--
-- AUTO_INCREMENT for dumped tables
--

--
-- AUTO_INCREMENT for table `commission_wallet`
--
ALTER TABLE `commission_wallet`
  MODIFY `id` bigint(20) UNSIGNED NOT NULL AUTO_INCREMENT, AUTO_INCREMENT=3;

--
-- AUTO_INCREMENT for table `house`
--
ALTER TABLE `house`
  MODIFY `id` bigint(20) UNSIGNED NOT NULL AUTO_INCREMENT, AUTO_INCREMENT=5;

--
-- AUTO_INCREMENT for table `house_img`
--
ALTER TABLE `house_img`
  MODIFY `id` bigint(20) UNSIGNED NOT NULL AUTO_INCREMENT, AUTO_INCREMENT=10;

--
-- AUTO_INCREMENT for table `house_model`
--
ALTER TABLE `house_model`
  MODIFY `house_model_id` bigint(20) UNSIGNED NOT NULL AUTO_INCREMENT, AUTO_INCREMENT=5;

--
-- AUTO_INCREMENT for table `housing_detail`
--
ALTER TABLE `housing_detail`
  MODIFY `id` bigint(20) UNSIGNED NOT NULL AUTO_INCREMENT, AUTO_INCREMENT=16;

--
-- AUTO_INCREMENT for table `h_points`
--
ALTER TABLE `h_points`
  MODIFY `id` bigint(20) UNSIGNED NOT NULL AUTO_INCREMENT, AUTO_INCREMENT=5;

--
-- AUTO_INCREMENT for table `h_points_transfer_log`
--
ALTER TABLE `h_points_transfer_log`
  MODIFY `id` bigint(20) UNSIGNED NOT NULL AUTO_INCREMENT, AUTO_INCREMENT=3;

--
-- AUTO_INCREMENT for table `member`
--
ALTER TABLE `member`
  MODIFY `member_id` int(20) NOT NULL AUTO_INCREMENT, AUTO_INCREMENT=603;

--
-- AUTO_INCREMENT for table `payment`
--
ALTER TABLE `payment`
  MODIFY `id` bigint(20) UNSIGNED NOT NULL AUTO_INCREMENT, AUTO_INCREMENT=5;

--
-- AUTO_INCREMENT for table `payment_scheme`
--
ALTER TABLE `payment_scheme`
  MODIFY `id` bigint(20) UNSIGNED NOT NULL AUTO_INCREMENT, AUTO_INCREMENT=14;

--
-- AUTO_INCREMENT for table `rate`
--
ALTER TABLE `rate`
  MODIFY `id` bigint(20) UNSIGNED NOT NULL AUTO_INCREMENT, AUTO_INCREMENT=3;

--
-- AUTO_INCREMENT for table `referral`
--
ALTER TABLE `referral`
  MODIFY `referral_id` int(20) NOT NULL AUTO_INCREMENT, AUTO_INCREMENT=7;

--
-- AUTO_INCREMENT for table `subdivision`
--
ALTER TABLE `subdivision`
  MODIFY `id` bigint(20) UNSIGNED NOT NULL AUTO_INCREMENT, AUTO_INCREMENT=3;

--
-- AUTO_INCREMENT for table `system_logs`
--
ALTER TABLE `system_logs`
  MODIFY `id` bigint(20) UNSIGNED NOT NULL AUTO_INCREMENT, AUTO_INCREMENT=18;

--
-- AUTO_INCREMENT for table `terms`
--
ALTER TABLE `terms`
  MODIFY `id` bigint(20) UNSIGNED NOT NULL AUTO_INCREMENT, AUTO_INCREMENT=6;

--
-- AUTO_INCREMENT for table `user_payments`
--
ALTER TABLE `user_payments`
  MODIFY `id` bigint(20) UNSIGNED NOT NULL AUTO_INCREMENT, AUTO_INCREMENT=1986;

--
-- AUTO_INCREMENT for table `wallet_logs`
--
ALTER TABLE `wallet_logs`
  MODIFY `id` bigint(20) UNSIGNED NOT NULL AUTO_INCREMENT;

--
-- AUTO_INCREMENT for table `withdrawal`
--
ALTER TABLE `withdrawal`
  MODIFY `id` bigint(20) UNSIGNED NOT NULL AUTO_INCREMENT, AUTO_INCREMENT=7;
COMMIT;

/*!40101 SET CHARACTER_SET_CLIENT=@OLD_CHARACTER_SET_CLIENT */;
/*!40101 SET CHARACTER_SET_RESULTS=@OLD_CHARACTER_SET_RESULTS */;
/*!40101 SET COLLATION_CONNECTION=@OLD_COLLATION_CONNECTION */;
